"Sample","NPDX","3R","4R","3R4R","4R3R","log3R4R","log4R3R"
"AD_01","AD",74251856,35136714,2.11322709346127,0.473209908719319,0.324946170094259,-0.324946170094259
"AD_02","AD",17875848,28652785.8,0.623878184996588,1.60287701036617,-0.204900199978296,0.204900199978296
"AD_03","AD",1521561.8,1300352.51,1.17011486369954,0.854616953448752,0.0682284961242373,-0.0682284961242373
"AD_04","AD",784780.75,1354741.71,0.579284408391028,1.72626776332116,-0.237108160506408,0.237108160506408
"AD_05","AD",12577014,18230089.5,0.68990412800771,1.44947675974599,-0.161211256465775,0.161211256465775
"AD_06","AD",21217600,25112710.3,0.844894865848072,1.18357921254053,-0.0731973289470118,0.0731973289470118
"AD_07","AD",16893372,35493734.8,0.475953632244979,2.10104500155446,-0.32243535450851,0.32243535450851
"AD_08","AD",11534112,12116949.4,0.951898998604385,1.0505316230673,-0.0214091300565076,0.0214091300565076
"AD_09","AD",13984322,16214375.4,0.862464427707773,1.15946811007355,-0.06425880833447,0.06425880833447
"AD_10","AD",17769796,26721364.3,0.665003320956932,1.50375188887931,-0.177176185870326,0.177176185870326
"AD_11","AD",17287340,27413907.4,0.630604741883676,1.58577938537681,-0.200242767863135,0.200242767863135
"AD_12","AD",20495340,38475848,0.53268065722684,1.8772973758913,-0.273533073089707,0.273533073089707
"AD_13","AD",29004210,42188788,0.68748621079136,1.45457462899352,-0.162736008242834,0.162736008242834
"AD_14","AD",9871168,9783524.2,1.00895830563796,0.991121233069886,0.00387321974979883,-0.00387321974979885
"AD_15","AD",57325215,36924960.35,1.55247871511932,0.644131214335611,0.191025654600893,-0.191025654600893
"AD_16","AD",39213444,51191901.25,0.766008744400756,1.3054681259315,-0.115766272634603,0.115766272634603
"AD_17","AD",19456175.75,19667363.685,0.989262010995349,1.0108545449894,-0.0046886681002611,0.00468866810026108
"AD_18","AD",3067045.87333333,1618410.591,1.89509750516291,0.527677334425088,0.277631559879191,-0.277631559879191
"AD_19","AD",18505622,29511098.7,0.627073298358763,1.5947099049143,-0.202681691685722,0.202681691685722
"AD_20","AD",26202248,33971263.9,0.7713062450997,1.29650188411315,-0.112773152234834,0.112773152234834
"AD_21","AD",18828004,19037048.1,0.989019090622563,1.01110282853137,-0.00479532531685852,0.00479532531685852
"AD_22","AD",33080144,40446243,0.817879277439934,1.22267433297751,-0.0873107953639738,0.0873107953639738
"AD_23","AD",18657282,15858607.6,1.17647667882267,0.8499955995734,0.0705833226221041,-0.0705833226221041
"AD_24","AD",18751740.75,22908810.325,0.818538391299025,1.2216897956527,-0.086960946382388,0.086960946382388
"AD_25","AD",21132894,15621673.1,1.3527932549043,0.739211255211899,0.131231429180797,-0.131231429180797
"AD_30","AD",29303676,41710896.5,0.702542463933855,1.42340150430274,-0.153327420469432,0.153327420469432
"AD_31","AD",37760128,47590777.3,0.79343373111916,1.26034470275101,-0.100489340378727,0.100489340378727
"AD_32","AD",38998760,43137291,0.904061407101341,1.10611955354478,-0.0438020696800325,0.0438020696800325
"AD_33","AD",18754876,37370578.5,0.501862073127929,1.9925793430999,-0.299415623711513,0.299415623711513
"AD_34","AD",44261236,71315969.5,0.620635690860236,1.61125119732309,-0.207163253086436,0.207163253086436
"AD_35","AD",66851456,64227773.8,1.04084965186821,0.960753551874771,0.0173880012880089,-0.0173880012880089
"AD_37","AD",55973520,36596890,1.52946110994677,0.653825058706331,0.184538438528775,-0.184538438528775
"CAA_01","AD",28141916,27529540.5,1.02224430516739,0.978239736768456,0.00955469981696566,-0.00955469981696562
"FTLD-Tau_01","AD",9965502,10352281.1,0.962638273027575,1.03881180295784,-0.0165368754300617,0.0165368754300617
"NPCAD_01","AD",17708038,12907906.5,1.37187529209326,0.728929229765601,0.137314634390172,-0.137314634390172
"NPCAD_02","AD",40958924,43131075.1,0.949638373377806,1.05303242585181,-0.0224417445489174,0.0224417445489174
"NPCAD_03","AD",16851840,30896029.7,0.545437072777024,1.83339206282519,-0.263255346857698,0.263255346857698
"NPCAD_04","AD",38949312,38988163,0.999003518067779,1.00099747589893,-0.000432982369880597,0.000432982369880569
"NPCAD_05","AD",16712587,16951525.8,0.985904584471092,1.01429693679381,-0.00616511390546952,0.00616511390546952
"NPCAD_06","AD",82142296,51742737.5,1.58751353269626,0.629915890103681,0.200717436105909,-0.200717436105909
"NPCAD_07","AD",21728476,18642890.9,1.16551001218379,0.857993487440168,0.0665160086309359,-0.0665160086309358
"CBD_01","CBD",612668.2,18755562.8,0.0326659459133906,30.6129203376314,-1.48590476135239,1.48590476135239
"CBD_02","CBD",3581200,16168054.9,0.221498505673679,4.51470314419748,-0.65462919937258,0.65462919937258
"CBD_03","CBD",954434.5,10063971.7,0.0948367631041729,10.5444341125557,-1.02302327744782,1.02302327744782
"CBD_04","CBD",9710404,19745673.3,0.491773759874777,2.03345538455455,-0.308234648117872,0.308234648117872
"CBD_05","CBD",1688514.2,11398681.74,0.148132410265891,6.75071713344193,-0.82934991069079,0.82934991069079
"CBD_06","CBD",587596.5,14382435.2,0.0408551467000526,24.4767203344472,-1.38875322572547,1.38875322572547
"CBD_07","CBD",942927.9,23907154.3,0.039441243745183,25.3541700272099,-1.40404939841761,1.40404939841761
"CBD_08","CBD",1991240.1,9606326.9,0.207284232644633,4.82429361481822,-0.683433731846622,0.683433731846622
"CBD_09","CBD",649984.5,2770266.57,0.234628864615003,4.2620502027356,-0.629618560967728,0.629618560967728
"CBD_10","CBD",5421774,4571394.54,1.18602189169172,0.843154757096109,0.074092705346261,-0.074092705346261
"CBD_11","CBD",2112287,7162422.9,0.294912354309601,3.39083794010946,-0.530307033836457,0.530307033836457
"CBD_12","CBD",1718625,15226853.1,0.112868035746664,8.85990434213397,-0.947429032958424,0.947429032958424
"CBD_13","CBD",347015.75,4708143.04,0.0737054390768892,13.5675197451413,-1.13250046229129,1.13250046229129
"CBD_14","CBD",930879,1897181.11,0.490664278224866,2.03805339899171,-0.309215558759526,0.309215558759526
"CBD_15","CBD",709755.25,12193723.86,0.0582066035075851,17.1801812808007,-1.23502774208172,1.23502774208172
"CBD_16","CBD",435392.1,4169255.45,0.104429221289379,9.57586380184666,-0.981177960442727,0.981177960442727
"CBD_17","CBD",1076673.5,9974146.04,0.1079464342794,9.26385393529236,-0.966791698844866,0.966791698844866
"CBD_18","CBD",1037106.7,13216580.2,0.0784701249722678,12.7437034202942,-1.10529565572869,1.10529565572869
"CBD_19","CBD",1051462.2,15755265.8,0.0667371920821545,14.9841485504662,-1.17563206991496,1.17563206991496
"CBD_20","CBD",1150045.5,11425252.25,0.100658215226714,9.93460889156125,-0.997150774356734,0.997150774356734
"CBD_21","CBD",934143.6,23021264.4,0.0405774237143986,24.644245702695,-1.39171553005128,1.39171553005128
"CBD_22","CBD",1469959.6,14568714.2,0.100898375781165,9.91096231488267,-0.996115824793365,0.996115824793365
"CBD_23","CBD",1262403.9,26842882.5,0.0470293717524562,21.2633076466256,-1.32763082279047,1.32763082279047
"CBD_24","CBD",452313.22,11927286.9,0.0379225572246443,26.3695297254411,-1.42110238464868,1.42110238464868
"CBD_25","CBD",365592.03,34447673,0.0106129673838927,94.2243543985354,-1.9741631704558,1.9741631704558
"CBD_26","CBD",423676,19708162.3,0.0214974888856076,46.5170609144724,-1.66761226691303,1.66761226691303
"CBD_27","CBD",947428.7,22098024.6,0.04287390919096,23.3242085657739,-1.36780691624068,1.36780691624068
"CBD_28","CBD",1635756.2,32336383,0.0505856267226919,19.7684612168977,-1.29597286501326,1.29597286501326
"CBD_29","CBD",1028249.9,30198561.8,0.0340496314629129,29.3688934956376,-1.46788758432357,1.46788758432357
"CBD_30","CBD",1061183.9,24221937,0.0438108603783422,22.8253905849872,-1.35841821785818,1.35841821785818
"CBD_31","CBD",904117.6,28482347.7,0.0317430855603241,31.5029236240949,-1.49835086029411,1.49835086029411
"CBD_32","CBD",1196769.2,23439718.2,0.0510573203051562,19.585830083194,-1.29194198246603,1.29194198246603
"CBD_33","CBD",1042917.1,26290249,0.0396693504120102,25.2083784991156,-1.40154491106579,1.40154491106579
"FTLD-Tau_03","CBD",1913002.8,17119728.9,0.111742587232208,8.94913948897513,-0.951781277421323,0.951781277421323
"CTE_01","CTE",17221504,16081369.5,1.0708978485943,0.93379588101016,0.029748046081486,-0.029748046081486
"CTE_02","CTE",4662037.25,4610115.585,1.01126255167418,0.988862880707356,0.00486392506681084,-0.00486392506681086
"CTE_03","CTE",25820896,30070411.3,0.858681171414506,1.16457660105985,-0.0661680599153383,0.0661680599153383
"CTE_04","CTE",7855315,6843424.55,1.14786317034795,0.87118397543574,0.0598901215946116,-0.0598901215946117
"CTE_05","CTE",19404610,17483917,1.10985484545597,0.901018726993225,0.0452661824445772,-0.0452661824445773
"CTE_06","CTE",3394612,3504692.6,0.96859051204662,1.03242803595816,-0.0138597894562967,0.0138597894562967
"CTE_07","CTE",29189074,29857955.5,0.977597880069183,1.02291547515348,-0.00983974887244378,0.00983974887244382
"CTE_08","CTE",8446336.25,5628315.725,1.50068629101293,0.666361787929056,0.176289915213764,-0.176289915213764
"CTE_09","CTE",6062639,4794696.85,1.26444678144772,0.790859698227125,0.101900555301642,-0.101900555301642
"CTE_10","CTE",10982357,4449980.48,2.46795621898998,0.405193573656365,0.392337451139277,-0.392337451139277
"CTE_11","CTE",2954103.5,2078402.51,1.42133368574502,0.703564553510058,0.152696048979739,-0.152696048979739
"CTE_12","CTE",33687064,38024569,0.885928884558823,1.12875877221001,-0.0526011384777946,0.0526011384777946
"CTE_13","CTE",29448811,28137800.35,1.04659250665271,0.955481711978117,0.0197776209721262,-0.0197776209721262
"CTE_14","CTE",4347840.9,1839022.54,2.36421294760205,0.422973743128457,0.373686591415392,-0.373686591415392
"CTE_15","CTE",18898032,15685098.1,1.20483989832362,0.829985794287998,0.0809293407746861,-0.0809293407746861
"CTE_16","CTE",36987832,36819217.1,1.00457953517974,0.995441341357882,0.00198432667139105,-0.00198432667139103
"CTE_17","CTE",23882964,24833047.7,0.961741155919416,1.03978081196287,-0.0169417987337078,0.0169417987337078
"CTE_18","CTE",21196252,15273269.925,1.38780052366553,0.720564651005282,0.142327047028746,-0.142327047028746
"CTE_19","CTE",26535004,16659337.1,1.59280071234047,0.627824932681374,0.202161441246793,-0.202161441246793
"CTE_20","CTE",6335923,6569784.4,0.964403489405223,1.03691039174561,-0.0157412269272136,0.0157412269272136
"CTE_21","CTE",15776748,18842397.45,0.837300457219684,1.19431440814038,-0.0771186716390356,0.0771186716390355
"CTE_22","CTE",32885100,31897771,1.03095291517392,0.969976402686931,0.0132388309992294,-0.0132388309992293
"CTE_23","CTE",3063989,1656468.25,1.84971187947611,0.540624737882545,0.267104085755165,-0.267104085755165
"CTE_24","CTE",10101276,6262890.15,1.61287772227651,0.620009803711927,0.207601443301214,-0.207601443301214
"CTRL_01","CTRL",976436.56,859710.946,1.13577309273901,0.880457554764234,0.0552915757285014,-0.0552915757285014
"CTRL_02","CTRL",3699657,3216653.87,1.15015701083188,0.869446510852222,0.0607571310347865,-0.0607571310347865
"CTRL_03","CTRL",7103902.5,6062965.41,1.17168778305796,0.853469682333056,0.0688119016486222,-0.0688119016486223
"CTRL_04","CTRL",1102734.9,847935.8,1.30049338640968,0.768938935368782,0.114108147955893,-0.114108147955893
"CTRL_05","CTRL",1020059.56,1002102.39,1.01791949623032,0.982395959310454,0.00771343249441986,-0.00771343249441991
"CTRL_06","CTRL",802047.6,903111.21,0.888093948031051,1.12600699758967,-0.0515410894541702,0.0515410894541702
"CTRL_07","CTRL",784006.94,820705.32,0.955284340060084,1.04680874381035,-0.0198673415688448,0.0198673415688448
"CTRL_08","CTRL",814201.4,952535.04,0.854773174538545,1.16990100975017,-0.0681491158162176,0.0681491158162176
"CTRL_09","CTRL",891260.6,728680.61,1.22311557048293,0.817584228451252,0.0874674948544906,-0.0874674948544906
"CTRL_10","CTRL",1662814.6,1349993.39,1.23172054938728,0.811872466118592,0.0905121870285389,-0.0905121870285389
"CTRL_11","CTRL",1569583.5,1205908.13,1.30157800660984,0.768298169546252,0.114470201507872,-0.114470201507872
"CTRL_12","CTRL",1386730.6,1563321.23,0.887041366411943,1.12734314076577,-0.052056126746018,0.052056126746018
"CTRL_13","CTRL",359092.12,506711.17,0.708672200772681,1.41108963905975,-0.149554603061566,0.149554603061566
"CTRL_14","CTRL",1325589.2,1153082.73,1.14960459081717,0.869864306377873,0.0605484894360033,-0.0605484894360032
"CTRL_15","CTRL",578295.25,464613.59,1.24468001463324,0.80341934331987,0.0950577162987066,-0.0950577162987066
"CTRL_16","CTRL",201071.73,597328.08,0.336618579859832,2.9707213440696,-0.47286191656012,0.47286191656012
"CTRL_17","CTRL",874994.25,668837.06,1.30823230698371,0.764390234564399,0.116684869892647,-0.116684869892647
"CTRL_18","CTRL",1174320.5,1134275.89,1.03530411811892,0.965899760755262,0.0150679415034362,-0.0150679415034362
"CTRL_19","CTRL",985064.5,1372816,0.717550276220557,1.39363056936881,-0.144147664043167,0.144147664043167
"CTRL_20","CTRL",1208638.1,1510150.96,0.800342569725612,1.24946496391269,-0.0967240826371629,0.0967240826371629
"CTRL_21","CTRL",1143034.8,8355114.7,0.136806595844818,7.30958908687644,-0.863892963508059,0.863892963508059
"CTRL_22","CTRL",2198739.5,2274837.86,0.966547787278342,1.03460999358951,-0.0147766690661207,0.0147766690661207
"CTRL_23","CTRL",2522986.5,1816880.83,1.38863620461007,0.720131015366115,0.142588484021068,-0.142588484021068
"CTRL_24","CTRL",1679522.9,1526611.68,1.10016379541915,0.90895556112989,0.0414573489318731,-0.0414573489318731
"DLB_01","DLB",417042.2,848549.94,0.49147631782285,2.03468603417112,-0.308497404152595,0.308497404152595
"DLB_02","DLB",670674.06,750090.54,0.894124141333658,1.11841292922526,-0.0486021790192124,0.0486021790192125
"DLB_03","DLB",1182564.5,1417692.436,0.834147428575263,1.19882884696776,-0.0787571846641521,0.0787571846641521
"DLB_04","DLB",572150.4,517681.74,1.105216498461,0.90480010151177,0.0434473593580219,-0.043447359358022
"DLB_05","DLB",3636588.2,2749632.39,1.32257250577413,0.756102214157765,0.121419490154827,-0.121419490154827
"DLB_06","DLB",3100750.5,3215835.3,0.964213092629464,1.03711514357572,-0.0158269757174327,0.0158269757174327
"DLB_07","DLB",2594391,2223932.14,1.16657831115297,0.857207776314364,0.0669138978319128,-0.0669138978319128
"DLB_08","DLB",15045782,26107573.6,0.576299514865679,1.73520881799298,-0.239351746011647,0.239351746011647
"DLB_09","DLB",993904.6,592026.17,1.67881869141021,0.595656937295592,0.225003795857015,-0.225003795857015
"DLB_10","DLB",4456063,3334729.53,1.3362591958095,0.748357805982546,0.125890706935698,-0.125890706935698
"DLB_11","DLB",1290013.8,886105.18,1.4558246911501,0.686895892121464,0.16310908084924,-0.16310908084924
"DLB_12","DLB",1072760,995581.69,1.07752082101872,0.928056312688765,0.0324256708199349,-0.0324256708199349
"DLB_13","DLB",13932433,27571263.1,0.505324436877177,1.97892665983034,-0.296429699299276,0.296429699299276
"DLB_14","DLB",1176637.5,1056083.31,1.1141521590754,0.897543474519553,0.0469445062185321,-0.0469445062185321
"fAD_26","fAD",46164896,71494345,0.645713951222296,1.54867336861324,-0.189959830175539,0.189959830175539
"fAD_27","fAD",47909748,63311505.5,0.756730512434268,1.32147440015756,-0.121058754317524,0.121058754317524
"fAD_28","fAD",64560520,65796602.8,0.98121357718487,1.01914610972774,-0.0082364510326381,0.00823645103263815
"fAD_29","fAD",37852576,69116347,0.547664592285238,1.82593509620059,-0.261485336252551,0.261485336252551
"PiD_01","PiD",3883439,995255.74,3.90195086943181,0.256282058247857,0.591281796768139,-0.591281796768139
"PiD_02","PiD",3255342.2,1120713.54,2.90470497929382,0.344269041823007,0.463102029197548,-0.463102029197548
"PiD_03","PiD",519896.7,459652.21,1.13106537658113,0.884122191966212,0.0534877082568918,-0.0534877082568918
"PiD_04","PiD",2298867.5,1225353.85,1.87608461017199,0.533025000353435,0.273252420877903,-0.273252420877903
"PiD_05","PiD",2650163,981848.004,2.69915810716462,0.370485892377186,0.431228324741039,-0.431228324741039
"PiD_06","PiD",18521516,12040210.7,1.53830497335067,0.650066155491807,0.187042444121678,-0.187042444121678
"PiD_07","PiD",613226.5,530913.128,1.15504113132422,0.865770034400014,0.0625974498464167,-0.0625974498464167
"PiD_08","PiD",2037860.5,817137.18,2.49390255379152,0.400977976657382,0.396879479945482,-0.396879479945482
"PiD_09","PiD",1251960.5,963210.654,1.29977850099652,0.769361856064948,0.113869349236842,-0.113869349236842
"PiD_10","PiD",4228515,630935.1,6.70198091689621,0.149209616141837,0.826203186898466,-0.826203186898466
"PiD_11","PiD",839608.4,9525811.6,0.0881403533112076,11.3455410879643,-1.05482521295022,1.05482521295022
"PiD_12","PiD",6377104,3270077.13,1.95013871125419,0.51278403645291,0.290065503357269,-0.290065503357269
"PiD_13","PiD",666398.1,1641224.67,0.406037096676106,2.46282915572538,-0.391434286260885,0.391434286260885
"PiD_14","PiD",903682,832142.35,1.08597044724379,0.920835371292114,0.0358180068609497,-0.0358180068609497
"PiD_15","PiD",5818412,15823862.28,0.367698599560865,2.71961873445882,-0.434508024208229,0.434508024208229
"PiD_16","PiD",6953332,24036503.72,0.289282171858229,3.4568324538509,-0.53867833061809,0.538678330618089
"PiD_17","PiD",1712695.2,855466.56,2.00205978828676,0.499485582723651,0.301477042841254,-0.301477042841254
"PiD_18","PiD",4395725,2520255.13,1.74415873523091,0.573342310995342,0.241586007372791,-0.241586007372791
"PiD_19","PiD",1956994.9,1565568.4,1.25002197285024,0.799985937623036,0.0969176470910497,-0.0969176470910498
"PiD_20","PiD",10098334,1647362.03,6.13000288710066,0.163132060199237,0.787460679061904,-0.787460679061904
"FTLD-Tau_02","PSP",1527845.8,12109877.25,0.126165259024405,7.9261122097531,-0.899060216336757,0.899060216336757
"PSP_01","PSP",1061700.1,15350048.5,0.069165911755914,14.4579891251776,-1.16010789374909,1.16010789374909
"PSP_02","PSP",394007.03,2448116.43,0.160942929499476,6.21338261401072,-0.793328097865046,0.793328097865046
"PSP_03","PSP",839145.75,10624661.94,0.0789809364983899,12.6612831441975,-1.10247772102146,1.10247772102146
"PSP_04","PSP",1040515.8,9560540.5,0.108834411610934,9.1882703751351,-0.963233766312013,0.963233766312013
"PSP_05","PSP",989679.6,1498545,0.660427014203778,1.51417185925627,-0.180175170600516,0.180175170600516
"PSP_06","PSP",815334,6284710.06,0.129732953822217,7.70814176766822,-0.886949693574208,0.886949693574208
"PSP_07","PSP",817868.25,3891025.18,0.210193512548793,4.75752076205428,-0.677380692245644,0.677380692245644
"PSP_08","PSP",533698.6,1214090.94,0.439587004907557,2.27486251603433,-0.356955154693403,0.356955154693403
"PSP_09","PSP",1565895,2671364.75,0.586177907752957,1.70596671552052,-0.231970553556717,0.231970553556717
"PSP_10","PSP",604449.9,4163659.36,0.145172754958513,6.88834485703447,-0.838114881441829,0.838114881441829
"PSP_11","PSP",1691748,2005684.59,0.843476590703626,1.18556935784762,-0.0739269660319594,0.0739269660319594
"PSP_12","PSP",1382843.5,2612361.45,0.529346159200137,1.88912299186423,-0.276260233702208,0.276260233702208
"PSP_13","PSP",559910.75,2174139.76,0.257532087081651,3.88301128349474,-0.589168652547691,0.589168652547691
"PSP_14","PSP",640244.1,1888795.92,0.338969442500702,2.95011843139203,-0.469839450916341,0.469839450916341
"PSP_15","PSP",367526.3,2525751.58,0.145511657959648,6.87230160127316,-0.837102210906774,0.837102210906774
"PSP_16","PSP",628726.9,1488381.72,0.422423153651739,2.36729448032206,-0.374252285484655,0.374252285484655
"PSP_17","PSP",1058140.2,1402707.5,0.754355558803243,1.32563482608448,-0.122423905020244,0.122423905020244
"PSP_18","PSP",717759.06,1397847.83,0.513474388696515,1.94751680320134,-0.289481213459436,0.289481213459436
"PSP_19","PSP",699607.75,702094.736,0.996457762930728,1.00355482911674,-0.00154110510686782,0.00154110510686783
"PSP_20","PSP",499740.8,580919.57,0.860258159317993,1.1624417498031,-0.0653711995207776,0.0653711995207776
"PSP_21","PSP",1024754.3,7046419.14,0.145429086694948,6.87620353483757,-0.837348723272227,0.837348723272227
"PSP_22","PSP",979199.94,5517062.06,0.17748575770054,5.63425489997477,-0.750836491060885,0.750836491060885
"PSP_23","PSP",1109984.2,9912166.3,0.111981999333486,8.93000666135608,-0.950851782851493,0.950851782851493
"PSP_24","PSP",1058788,5891673.4,0.179709214702906,5.56454493250774,-0.745429653597632,0.745429653597632
"PSP_25","PSP",1032093.6,1974106.87,0.522815464392766,1.91272077454991,-0.281651574876659,0.281651574876659
"PSP_26","PSP",819035.4,6186665.74,0.132387207329549,7.55359992986872,-0.878153979054979,0.878153979054979
"PSP_27","PSP",1085139.8,2998954.98,0.361839309771833,2.76365771488614,-0.441484253701697,0.441484253701698
"PSP_28","PSP",946332.4,4555303,0.20774301950935,4.81363947805232,-0.682473560273107,0.682473560273107
"PSP_29","PSP",1172099.2,1684485.4,0.695820337771998,1.43715258913239,-0.157502881634606,0.157502881634606
"PSP_30","PSP",1406912.4,4976990.16,0.282683379868286,3.53752668609645,-0.54869972473891,0.54869972473891
"PSP_31","PSP",1121449.2,4378425.27,0.256130716146721,3.9042564478177,-0.591538336201184,0.591538336201184
"PSP_32","PSP",941320.1,7537203.6,0.124889833147137,8.00705689807325,-0.90347291461076,0.90347291461076
"PSP_33","PSP",512424.75,4294004.05,0.119334947995682,8.37977488401956,-0.923232351811506,0.923232351811506
"PSP_34","PSP",630739,2203137.52,0.286291252486136,3.49294640096775,-0.543191921468584,0.543191921468584
"PSP_35","PSP",1243480,2806295.1,0.443103791899861,2.256807588381,-0.353494533439074,0.353494533439073
"PSP_36","PSP",1830258.5,5747236.74,0.318458866895398,3.14012296077303,-0.49694665448712,0.49694665448712
"PSP_37","PSP",1737228.4,15815389.2,0.109844176329217,9.10380534879582,-0.959222963369141,0.959222963369141
"PSP_38","PSP",1072190.6,3171879.52,0.338030052288997,2.9583168515001,-0.471044687405498,0.471044687405498
"PSP_39","PSP",4391785.5,10995238.3,0.399426131582796,2.50359183070303,-0.398563525767348,0.398563525767348
"PSP_40","PSP",11343112,11194908.65,1.01323845996725,0.98693450703828,0.00571166615063057,-0.00571166615063052
