,AD_01,AD_02,AD_03,AD_04,AD_05,AD_06,AD_07,AD_08,AD_09,AD_10,AD_11,AD_12,AD_13,AD_14,AD_15,AD_16,AD_17,AD_18,AD_19,AD_20,CBD_01,CBD_02,CBD_03,CBD_04,CBD_05,CBD_06,CBD_07,CBD_08,CBD_09,CBD_10,CBD_11,CBD_12,CBD_13,CBD_14,CBD_15,CBD_16,CBD_17,CBD_18,CTE_01,CTE_02,CTE_03,CTE_04,CTE_05,CTE_06,CTE_07,CTE_08,CTE_09,CTE_10,CTE_11,CTE_12,CTE_13,CTE_14,CTE_15,CTE_16,CTE_17,CTE_18,CTE_19,CTE_20,CTE_21,CTE_22,CTE_23,CTE_24,CTE_25,CTRL_01,CTRL_02,CTRL_03,CTRL_04,CTRL_05,CTRL_06,CTRL_07,CTRL_08,CTRL_09,CTRL_10,CTRL_11,CTRL_12,CTRL_13,CTRL_14,CTRL_15,CTRL_16,CTRL_17,CTRL_18,CTRL_19,CTRL_20,DLB_01,DLB_02,DLB_03,DLB_04,DLB_05,DLB_06,DLB_07,DLB_08,DLB_09,DLB_10,DLB_11,DLB_12,DLB_13,DLB_14,fAD_26,fAD_27,fAD_28,fAD_29,FTLD-Tau_01,FTLD-Tau_02,FTLD-Tau_03,NPCAD_01,NPCAD_02,NPCAD_03,NPCAD_04,NPCAD_05,NPCAD_06,NPCAD_07,PiD_01,PiD_02,PiD_03,PiD_04,PiD_05,PiD_06,PiD_07,PiD_08,PiD_09,PiD_10,PiD_11,PiD_12,PiD_13,PiD_14,PiD_15,PiD_16,PiD_17,PiD_18,PiD_19,PiD_20,PSP_01,PSP_02,PSP_03,PSP_04,PSP_05,PSP_06,PSP_07,PSP_08,PSP_09,PSP_10,PSP_11,PSP_12,PSP_13,PSP_14,PSP_15,PSP_16,PSP_17,PSP_18,PSP_19,PSP_20,top3counts
IGSTENLK, 4036345, 5258793, 4364486, 8421443, 6503834, 4767399, 4920002, 7710821, 6574652, 5495649, 5539127, 5523391, 5555294, 8599880, 6599233, 5596180, 3363872, 4194768, 7318997, 4471157, 6786266, 8926648, 9558569, 9515264, 8946131, 8562437, 8612772, 8553680, 8162284, 6247741, 6804199, 9309253, 6607151, 5947001, 5993241, 6265014, 7535199, 4258851, 8700211, 6850987, 5992780,10444774, 9713067, 7308714, 7243992, 8606874, 7989713, 7499110, 8768774, 9908946, 8806000, 9273754, 6111940, 8111996, 6163433, 6693208, 8673126, 7161767, 9680745, 8334692,12498497, 8267888, 9822319, 7488895, 7781135, 5831018, 7839304, 7018183, 7881885, 8883292, 8299380, 8738232, 5938629, 7798931, 8418958, 7380726, 6632054, 9567769, 6303591, 6428173, 4671805, 9304341, 7469652, 7962669, 6477383, 7343165, 7344631, 8928434, 5521528, 7079786, 7560214, 8197294,10810895, 8198265, 9278052, 6672979, 7369863, 4203081, 5549046, 5480420, 4304509, 7685786, 9206382,10764811, 8539243, 8225771, 8631902, 7883045, 9141565, 5864936, 7590500, 8327513, 7781171, 7317693, 8598797, 8286238, 6565708, 6475441, 7561061, 8450456, 8942565, 7692043, 8802277, 6746690, 7913260, 5511816, 5164222, 6597623, 5720832, 8709958, 8826256, 7235653, 6234043, 9691579, 7700292, 8751552, 7849010, 7991502, 6867697,12435087, 8161122,14436126, 7664608, 7878586, 7096410, 8127247, 5589614, 5189097, 4979121, 8746979, 7824412,151
TPSLPTPPTR,  744491.3, 1125234.9, 2374059.4, 2519295.9, 1740921.4, 1309351.4, 1308171.8, 1952558.6, 1332695.8, 1030443.7, 1541605.4, 1262308.0, 1617296.2, 1770444.4, 2071328.7, 1818047.5, 1186613.0, 1669301.4, 2349089.2, 1278521.0, 1526986.6, 2526339.8, 2801443.9, 2031706.6, 2012958.9, 1998532.1, 1614237.8, 1557667.4, 1508774.1, 1471357.4, 1113998.6, 2552239.6, 1263673.2, 2238900.9, 1922338.1, 2446804.5, 1878989.1, 2205836.1, 2518521.0, 2100349.2, 2116356.6, 2836454.5, 3059229.3, 3052137.5, 2022381.0, 2148415.8, 2366315.5, 2663728.8, 2646160.5, 2206015.8, 2287401.6, 2482067.0, 1931145.2, 2190004.7, 2032476.8, 2241505.5, 2632903.2, 2417654.2, 2918481.0, 2358663.2, 3497331.0, 2657437.0, 2506339.5, 1504197.0, 1408978.9, 1321888.6, 2070179.6, 1542205.2, 1456301.6, 1626627.9, 1042414.3, 1388442.2, 1605441.5, 1095611.1, 1448605.5, 1242134.1, 1988067.6, 1700232.4, 1485354.2, 1609729.7, 1164019.8, 2183074.3, 1521145.8, 7243985.2, 7652295.8, 8324016.8, 6424652.2, 8008466.5, 6940374.0, 7607395.2, 6279953.5, 8001061.2, 6685181.2, 8993796.0, 9300930.0, 8095300.5, 8667953.5, 1600835.9, 1552566.9, 1473566.2, 1213611.8, 1674713.2, 1892899.2, 2279688.8, 2579034.2, 1786051.8, 2138112.2, 1954095.0, 2558844.5, 2105819.3, 2143846.2, 1821596.4, 2152275.0, 1427072.7, 2026034.2, 2580793.6, 1550254.0, 1478595.9, 1337429.3, 2024588.5, 2259070.5, 2288956.4, 1947187.8, 1794558.8, 1908251.9, 1597877.5, 1968042.8, 2309306.8, 2268663.8, 2370702.8, 2029689.9, 7288876.0, 5723072.8, 9085756.0, 6671305.5, 8985407.5, 8727018.0, 6873390.5, 5971875.8,11085008.5, 6824212.2, 9747183.5, 7710433.0, 8395229.8, 6266674.0, 7850463.0, 8445534.0, 9906267.0, 9707492.0, 8257164.5, 7780349.2,37
IGSLDNITHVPGGGNK,1641026,2575633,4535997,4243313,3597194,3098389,2900604,3296049,2677627,2412688,2835736,2805565,3753039,3697516,4005437,4233470,2483811,3448948,4325420,2775896,3194177,4282717,4894080,4511587,3851723,3786574,2932883,3461929,3518272,3037340,2747918,4708877,3243976,4752502,4101771,5010142,3885680,4549392,7148562,5693673,5262389,8299925,7623236,6820191,6828039,8687793,7321021,6444041,7825053,7966139,7928610,6806685,4937011,6763909,5651412,6026085,7235763,7149276,7665430,7381670,9512752,6644927,9033496,4259870,3507153,3185418,4199969,3641601,3607257,3713411,2888716,3630648,3979014,2780290,3111479,3157698,3730640,3731327,4460042,4207824,2561002,4626206,4213865,3673350,2877633,4146082,3146663,3345409,2534687,2917005,3244866,3410843,3672559,4218068,4495069,3845346,3792463,4125736,4435096,6225913,3714367,8545805,7870458,9577970,6667468,6223269,7625849,7000937,7312413,6045623,5663678,3311552,3916452,3391887,4485228,4441219,3316688,3455177,3508669,4637987,4059785,3505932,3690150,3592769,3691980,3838106,4559066,3849589,4549244,4571116,4910847,3966114,2883122,4308916,3012267,4655236,4054991,3111585,3106654,4141819,3148163,4554848,4303370,4256049,3199742,4584714,4306348,4517176,4568111,4433323,4207409,138
TDHGAEIVYK,1676739,2664695,5398344,4639751,4260170,3096977,2630384,3568680,2842472,3097773,2985104,2524707,3433047,2623659,5534213,3488182,2358902,3047147,4304944,2866437,1229791,2125517,2639337,2313624,2312014,2084488,1572179,2007438,2042182,1617681,1310799,2577413,2825063,2111889,1973248,2216966,1963522,2120089,2752241,1597595,2011969,3475189,3276937,2291751,2420191,2417530,2940780,2071741,2652704,3567566,2906000,2702474,2160826,2493229,2136408,2128304,3024778,2199668,2725774,2856659,3837714,2711423,3081516,1636337,1845621,1713571,1594912,1919558,1752712,2007305,1623097,1995218,1642488,1481491,1662430,1688670,1753858,3144404,1981024,1905994,1171737,2456957,2362694,2051079,1824907,2140087,1744165,1791763,1325522,1689371,1691916,1840488,2165537,1837450,1886131,1781907,2308695,1536300,2015760,1968245,1391721,2312857,3066471,2458709,2470180,2525876,2816977,2395356,2912512,1972295,2363468,1716092,1403685,1834526,2075910,2152805,1458754,1482189,1725537,2062063,2259987,1987601,1843303,1871948,1664442,1764668,1979474,1873609,2013808,2051846,2318650,3058905,3140694,4308653,3757341,4472956,3368097,3935770,3269495,3933218,3395248,4838252,4606974,4301989,2698525,4540126,4512722,4243632,4255456,4426509,4004028,37
HVPGGGSVQIVYKPVDLSK, 735000.9, 994893.7,1642657.7,2120804.0,1472144.8,1419986.9,1872005.5,2744882.1,1795959.9,1522988.0,1665603.2,2028471.9,1565251.4,3068207.4,3158088.5,2291724.2,1166786.2,2151372.8,3118245.0,1879455.1,2596370.8,2003366.1,3448112.8,3653827.2,3069324.2,2644290.4,2962630.5,2099587.9,2293964.6,1591914.4,1864102.6,2919136.5,5630813.0,3363708.0,1891224.5,2405512.0,3383572.9,4060852.5,1467593.5,1000954.4,1002104.9,1623504.6,1224694.8,1566625.4,1232756.0,1445277.5,1717838.0,1277298.0,1515423.1,1740471.5,1713615.5,1207654.8,1080899.0, 847036.1,1130450.2, 953320.8,1182792.5,1365335.8,1222365.2,1501424.6,1985607.5,1231108.4,1741663.5,1643574.8,1702489.4, 686775.1,1665229.6,1379999.9,1486233.5,1401146.6, 985845.4,1543406.1,1426496.0,1038855.0,1419029.2, 978638.0,1203174.4,3378901.9,1266256.6,1289977.1, 841875.1,1642990.8,1474904.6,3371791.0,2100308.8,2784713.5,2701497.2,3064233.1,1398108.9,2114188.6,2277863.9,3023552.7,4041787.8,3102198.5,3481554.0,2542295.2,2779174.6, 785708.8,1030769.9, 888285.9, 564173.6, 768867.9,1884174.6,1924467.3,1490762.8, 885613.2,1140566.2,1411511.4,1667875.0, 699204.7, 751360.1,3136139.1,3359353.5,2403187.4,2891634.5,3209304.1,1845085.2,2658450.0,3451364.7,3037552.4,3476993.6,2046126.2,3210748.5,2953232.9,3436630.8,2478512.2,2679406.2,3088777.2,3383090.8,3875993.1,3203960.5,3302154.5,2350835.5,3447399.0,2711419.2,3956822.5,3024146.5,3354299.8,2628902.0,4397760.2,2760548.0,5064171.5,3591169.9,2220509.6,2566164.3,2991174.2,2918376.2,3289019.0,3780173.8,3559910.2,3657085.4,31
TPPSSGEPPK,1049232.95,1688019.38, 238489.33,2342795.88,1403163.88,2313488.25,2113220.50,1359334.20, 286065.53,1446854.58, 540339.17, 417285.27,2386268.23,2090090.68, 747582.09,2511617.50, 395272.35, 810193.30, 989004.70, 860559.53,1498037.38,1075320.60, 336691.62,2102882.12,1547237.05,1296399.20,1636178.86,1718593.86,1699283.80,1027419.03,1734163.85, 715968.05,1280037.25,2828410.50,1236354.60,3289851.20,1264632.25,1386620.12, 254732.34, 160991.25, 600435.70,  87887.67, 217277.42,1249852.10, 645353.50,,, 157736.95,,  43255.82, 225977.06, 206046.00, 608844.75, 208376.25,,  71445.26,  19043.70,2011184.53,,, 136417.97,1017909.00, 538492.30, 238053.68,1694782.71,2469640.98,1045793.60,1341096.22,2394312.70,2956012.25, 577900.88,1660423.43,1110746.75,1177385.48,1477097.36,1390182.27,1772512.12,1599270.28,1721219.60,1258389.10, 693217.20,2241788.36,1320294.88,2536731.75,1074338.25,1547043.12,1613626.00,1529801.50,2534080.75,1972606.88,1627912.77,1556030.68,1043546.70, 372103.70,2053373.90,2776949.75,1143007.90, 446455.25,, 215777.36, 439879.50,2730235.42, 335171.59,1587638.11, 201930.95, 442382.70, 280836.00, 435472.47, 279871.38,1143224.50,1225527.90,1739846.80,2763317.00,1832817.18,1420635.12,1347164.90,1196325.40,1209809.06,1071636.62,1008090.34,2472052.54,3947972.62,1354478.02,2379889.50, 768311.09, 863548.00,1634657.00,1202649.90, 841246.55,1883344.15,1185746.80,3042609.25,1178882.10, 999947.71, 528731.30, 908072.80,1052231.25,1817408.38,1916566.15,3060892.12,1606202.65, 353510.17,1702991.20, 273772.30,1190439.10,3431850.50, 928854.50,1261361.10,2163373.50,2998745.38,2592995.38,4
VQIVYKPVDLSK, 450390.9, 629808.1, 879282.1,1194303.4, 602650.8, 877332.6,1052636.3,1420471.8, 979386.2, 695783.8, 946477.5, 917757.7, 804942.3,1461528.8,1067306.3,1097168.2, 985479.6,1251234.8,1366514.7, 892258.1,1805732.8,2336387.6,2230022.6,2077448.0,2041588.5,1603586.9,2019425.2,1690746.2,1774958.8,1815721.2,1351576.6,1774011.3,2414871.2,2488945.0,1485558.1,2031598.0,2191305.2,2281961.0,2421984.0,1762266.2,1764430.9,2316781.5,2305354.5,2541881.2,2069622.5,2323708.0,2353146.5,2039437.0,2223365.5,2246680.5,2108743.5,1822067.5,1946794.0,1689946.5,1924326.8,1617401.8,1992756.0,2309472.5,2229565.0,2438850.8,2535638.5,2071271.8,2553327.5,1597630.8,1335896.8,1192569.6,1640771.0,1355474.1,1409213.8,1276314.8, 936424.0,1613118.4,1453016.1,1208784.2,1310745.5,1045847.5,1377872.2,2394924.0,1412387.0,1399460.0,1073799.0,1736784.1,1621378.8,2263050.2,1717176.1,2028136.9,2050016.9,2195685.4,1361569.8,2250290.8,1677719.6,1869128.2,2078471.8,2496615.0,2586107.5,1931737.0,2250504.6, 669047.7, 922201.8, 757298.8, 487664.3,1166167.1,1562099.9,1308855.8,1989552.8,1447983.0,2235557.0,2062274.6,2376519.0,1648315.6,1874155.5,2043062.1,2361609.0,1693425.4,1330451.5,1825665.6,1240670.4,2178678.6,2193193.6,1571774.5,2250723.9,1181740.7,1778130.0,2009237.3,1822566.1,2035515.2,2027447.0,2268904.2,2421678.0,2260538.4,2055717.8,1988083.8,1844317.3,2348801.5,2296968.8,2312021.8,1880688.0,2289329.4,2137950.1,2261941.0,2005272.9,2695516.2,2543968.8,1562305.2,1819650.0,2309695.5,2186519.0,2569635.8,2568327.0,2281641.0,2237686.0,0
AKTDHGAEIVYK,1106417.6,1695865.4, 634636.4,1265998.3,1008826.1, 815300.4, 909078.4,2918920.5,2065538.2,1324987.1,1375475.1,1577314.6, 774991.3,3206167.2, 803720.0,1016947.8, 264281.2,1108719.1,1339028.1, 481713.5,2372635.3,1595819.9,1148309.8,1899559.1,2933064.6,2451050.1,3644191.8,2651040.1,2026774.8,2664656.0,2616691.0,1517380.5,3821003.5,1298258.5, 508384.1,1810102.9,1273341.4,1893999.4, 561231.7, 704763.7, 569438.1,1288180.4,1092919.6, 782289.6, 562101.6,1003714.5, 543930.5, 930865.1, 902398.3,1147038.6,1142620.0,1070382.9, 583802.2, 765232.6, 418450.6, 699770.6, 643049.0, 595792.1,1199207.5, 765443.0,1866669.0, 935272.4,1443545.6,1424500.1,2911867.8,1130052.7,2246481.9,1182748.0,2854122.2,3409809.2,3180655.3,3613523.1,1717881.4,3606731.0,2630941.6,3018906.1,1065438.5,3011538.0, 983258.7,1759128.9, 527036.5,1844387.4,1341380.5,3466159.4,1491398.8,1412146.2,2614977.1,3321881.0, 679804.9,2461747.1,2507222.6,1332197.1,4543271.8,1353490.9,2253359.8,1556829.6,1890993.4, 348089.7, 381293.2, 453457.7, 281077.9,1790454.8,1220518.4,2569427.4,1027286.0,1278415.6,1050557.0,1182333.2,1332781.5,1195618.9,1881655.6,3523961.9,2558130.0,2342464.1,1712436.7,1450764.6,1215990.5,2191274.1,2703483.4,1796565.8,3022348.1,2333896.5,3123255.5,3003982.8,1296023.1,1268451.5,1137008.5, 837203.0, 946587.8,2522704.4,2597944.1,1769711.2,1749878.4,2043537.0,2556691.2,2025112.4,2071807.8,2464799.5,2275887.5,5156290.5,3111538.6,3241215.4,1912642.8,1249262.4,2477034.8,1300533.9, 532442.4, 640268.6, 843087.2,1707952.6,2202210.2,20
AEEAGIGDTPSLEDEAAGHVTQAR, 817000.0,1102912.5,1991245.2,1872119.1,1268839.4,1852482.9,1201800.4,1361455.0, 911476.8,1576701.8,1739171.8,1038961.3,1557781.4,1576621.4,2576106.2,1705929.9,1388745.8,1473143.0,1568486.1,1050293.3,1254024.5,1467441.9,1918173.0,1939774.8,1438885.9,1654197.6,1214812.3,1518858.1,1722849.9,1216562.9, 863980.6,2229002.0,1240258.8,2232494.2,2294501.0,2303713.0,1642633.7,1428575.6,3624733.5,2663151.5,2301629.0,3392277.0,3555813.0,4107604.8,2965376.0,3792176.2,4586403.5,2788393.8,3368183.5,3153682.0,3465937.2,3227220.2,2784597.2,4101346.2,2683608.2,2291548.0,2649274.0,3458432.5,2721782.8,2807268.8,3620042.8,3011167.8,3456523.8,1531789.8,1434485.3,1500996.2,1426020.3,1448437.3,1665475.1,1524246.4,1178379.5,1588004.7,1930192.7, 920785.6,2178806.1,1045115.3,1479862.6,1810064.8,1963174.7,1915657.0,1748773.5,1654743.5,1771488.3,1520551.9,1711822.9,2021936.0,1313085.1,1428055.9,1611125.5,1285499.9,1416266.4,1828513.9,1184677.8,1656769.0,1322188.0,1590776.0,2200460.0,3706179.2,3175402.2,3525870.1,3083864.8,1878151.8,2603682.9,1817955.0,2674064.5,2560034.0,2918892.0,3118112.5,2460558.8,3160786.0,1929008.8,1245366.9,1108270.2,1226374.5,1526260.6,1353997.3,1572174.1,1789821.8,1367773.2,1301917.9,2000471.6,1760224.6,1351928.9,1158276.6,1266215.2,1670256.9,2258816.0,2791933.0,1650885.2,1726532.3,1733357.2,1398383.9,1350080.8,1551879.2,1428159.7,1624331.9,1519530.8,1729475.7,1225906.0,1905974.1,1352579.6,1880742.4,1763451.9,1440139.5,1198260.6,2474994.5,2403321.0,2515003.0,1852651.6,1892408.8,1855880.7,25
QEFEVMEDHAGTYGLGDR,,  21536.363,1832859.850,2186303.450,1230942.450,1482428.600,1479249.900,, 181179.330,  24020.509,,  56444.935,1545946.700,  50973.560, 582640.100, 932774.800, 393439.500, 704332.300,1311499.500, 689764.405,,2343109.000,2015928.050,2129960.650,,,,,, 157922.080,,2304255.000, 657073.600,1296019.200, 832730.400, 778803.100,1072938.330,1106583.000,,2299950.500,,3304445.000,4305148.500,,,3183238.500,  69607.484,2295726.500,2290825.500,2840528.000,2053234.800,2230876.500,,2526284.000,  43433.387,1964145.200, 338779.620,,2806994.500,  57522.758,3603397.000,3515193.500,3574969.200,1835601.343,,1748361.229,1539778.743,1335382.514,,,,   2809.639,1327913.000,,,,1537835.186, 967148.214,1011186.714,1240854.614, 727642.107,1690889.579,1175189.543,,,1593460.850,,  30870.373,1214585.100,,  24570.110,1505579.600,,1904761.900,1868888.200,1616670.500,,  78664.640,,2106047.800,,1933072.300,1594977.850,2477020.900,2957280.500,2096981.100,3722586.200,3540782.500,2168800.000,3130461.000,3315129.800,  17953.620,1286912.000,,1982686.750,1887690.950,1595742.500,,,1713222.600,,,,,1827642.200,1014133.900, 815986.800,1351627.200,1294024.800,1288272.525,1104001.600,1655535.200,  68015.805,1867814.700,  26430.354,2139725.950,1986393.000,,,  23298.643,  67250.990,,1336636.100,1458639.300,  76126.845,1664126.500, 977161.500, 989688.600, 984787.750,1200913.900,1628800.700,8
SPVVSGDTSPR, 646874.7,1091140.5,2242250.2,1553060.3,1746146.2, 949630.8, 962224.1,1018671.5,1237776.5,1055865.3, 953925.7, 985711.8,1180365.2, 728292.4,1165285.5,1261894.1, 647171.1, 836895.4,1414095.2,1016592.5, 655848.3,1385795.8,1904622.4,1507878.8,1649907.0,1138902.5,1416339.7,1771096.9,1808330.7,1181226.9, 987025.6,1722322.2, 760331.2,1441901.2,1645217.3,1350598.9,1326518.1,1587869.9,2362265.5,1551280.7,2247142.0,2213323.6,1918634.9,2327460.4,1956915.9,3154098.8,1732966.4,1454304.0,2406130.5,2614684.0,2570621.2,2013372.5,2053510.6,1707586.3,2084314.1,1652883.3,1982151.6,2359260.1,2515263.8,2982978.5,3105366.7,2279789.2,3529076.8, 927004.3,1052241.3, 959150.5, 910168.7,1096717.4, 783090.9, 953135.6, 932713.4,1115712.3, 686618.6,1021016.3, 852691.8, 892234.5, 913220.3, 471176.4,1002432.7, 879142.8, 632557.2,1427484.0, 971900.6,1050269.4, 960515.9,1042436.8,1168203.5,1068346.7, 902776.0, 934134.8, 931461.3,1016642.9,1188009.5, 483112.5, 598950.1, 894343.2,1185558.3,1180122.5,1351866.9,1724128.0,1135335.5,1852086.1,2204560.1,1709148.0,1729662.0,2836194.4,2634458.9,1979943.1,2575188.0,2124434.0,2467132.3,1293112.3,1048326.9,1577773.9,1379036.4,1452072.3,1004086.6,1259520.0,1374503.8,1497261.1,1708565.0,1764560.2,1657744.7, 690077.5,1013674.0,1036884.0,1501239.3,1444176.9,1818898.1,1385429.3,1549353.2, 969904.4,1339172.5,1345611.0,1056868.1,1513869.2,1261844.3,1295667.6,1271517.4,1709688.1,1517186.1,1605349.1,1367048.3,1537011.1,1050007.3,2026804.9,1650002.1,1528366.0,1551745.6,1490989.4,1527005.7,2
KLDLSNVQSK, 348183.0, 623745.4,1097567.6,1205997.4, 778328.6, 588156.1, 672036.7, 707507.2, 769366.7, 517742.4, 574711.9, 694145.3, 667845.7,1098492.2, 881425.6, 812305.0, 456608.6,1066815.8,1022362.1, 771030.7, 866220.2, 968689.2,1245844.1,1458891.8,1036360.0, 717437.2, 928728.6, 958952.2, 938009.0, 804085.3, 879060.2, 949538.5,1313235.0, 826737.2,1253466.9,1181512.2,1234979.5,1620522.4,1605757.6,1358902.8, 836757.5,1873399.2,1600389.2,1494480.9,1405784.6,1991612.4,1493682.1,1427768.4,1970837.4,1919208.9,1867825.9,1675894.1,1200591.0, 980166.3, 841452.6,1213685.2,1437519.9,1256652.2,1727512.9,1566715.6,2411139.5,1639444.2,1790188.5, 656889.0, 412603.1, 470982.3, 692533.2, 477268.2, 413987.0, 337406.8, 596149.7, 533901.3, 633456.1, 508233.1, 564798.7, 451907.1, 430613.8, 889650.1, 468705.4, 595219.9, 461979.4, 542618.1, 551243.4, 793507.1, 542598.5, 874433.2, 906757.3,1172175.2, 643028.9, 886288.6, 969899.9, 947004.9,1476103.8,1363820.6,1512244.8, 982319.2, 928272.8, 888517.9, 927596.8, 714960.6, 692763.7,1021154.3,2254051.0,1474770.1,1696811.9,1452188.8,1666803.2,1533739.0,1885299.2, 772526.4,1535609.0, 525455.5, 741790.3, 484124.2, 580773.4, 641181.4, 251986.7, 419198.5, 584201.9, 805816.4, 526270.1, 390025.8, 572164.6, 478669.1, 576537.6, 671206.2, 684861.2, 543724.9, 663718.3, 722182.9, 479829.2,1318545.0, 713151.2,1168462.3, 640217.3,1557487.4,1170483.4, 966385.1, 886717.7,1675599.6,1019853.3,1751121.6,1460457.8, 898653.6, 917240.2,1046049.0,1172965.5,1315205.9,1187752.6,1121866.1,1297197.2,0
IGSLDNITHVPGGGNKK, 557738.2, 854249.4, 705570.7, 909302.7, 634915.8, 590364.4, 607846.6,1152509.9, 969013.4, 861125.8, 798134.1, 876563.2, 682280.8,1350227.7, 855642.6, 734123.1, 345289.9, 721417.2, 924261.6, 610131.1,1051269.0,1038672.1, 940618.7,1115124.9,1376208.2,1167072.2,1384813.8,1166965.3, 995195.2,1215264.2,1032822.4, 984770.0,1466953.0, 958092.6, 642931.3, 938013.4, 816648.3,1057236.9, 670611.4, 575898.4, 309798.6, 983686.5, 800493.8, 627418.0, 506657.2, 916398.0, 658027.1, 727113.4, 866273.1,1048938.0,1035483.4, 723245.0, 434072.5, 664994.3, 433639.2, 630763.9, 613449.0, 539288.2, 920462.5, 671419.4,1247223.4, 767989.4,1139487.2,1160141.3,1224787.7, 690583.4,1256069.9, 760614.0,1150157.2,1351386.5,1354611.4,1570402.2, 937096.2,1332919.6,1267572.9,1250352.8, 770806.3,1718248.3, 622963.5, 717752.3, 429069.1,1063413.6, 868493.4,1401081.2, 816541.4, 927606.8,1088460.6,1607037.9, 512097.8,1227196.3,1213625.4, 934503.3,2073534.7,1091956.0,1226392.5, 921698.1,1254786.6, 419793.1, 408776.7, 590331.6, 284209.7, 941337.1, 974107.4,1236231.9, 790581.2, 674291.2, 803154.9, 869607.0,1065541.9, 776723.0, 863015.7,1349719.9,1139544.0,1089248.0,1056179.8, 990421.4, 716212.4, 969173.5,1336229.4,1094441.6,1316740.5,1117621.0,1504247.5,1238220.7, 932977.9, 775877.6, 762497.9, 781477.2,1077470.5,1229030.1,1135802.5, 938666.9, 875119.2,1159758.9,1240701.6,1164778.2,1022523.8,1189419.0,1074358.6,2011472.8,1241003.8,2204656.8,1169847.2, 832646.2,1004871.5, 766018.1, 836119.9,1037742.0, 930530.2, 989868.0,1109092.1,0
DQGGYTMHQDQEGDTDAGLK,,,1118126.40,1414437.50, 945850.25, 816116.90, 654434.50,,,,,,1149120.90,, 821441.25, 737938.25, 293119.38, 614634.00, 715599.20, 447814.52,,1400723.20,1183105.15,1088308.07,,,,,,,,1173990.60, 603765.50, 868774.75, 773653.50, 795799.20, 642332.75, 822071.08,  32351.98,2294585.80,  55780.35,1945331.00,2490926.80,,,1931726.40,  80369.92,2070365.90,1755594.90,1758963.20,2256728.80,2642278.00,,2674429.50,  39937.34,1892561.80,,,2189752.20,  52503.43,2863217.50,2055183.00,1963768.00, 934218.60,, 744366.19, 889236.83, 685047.18,,,,, 874649.46,,,, 745968.40, 894277.54, 657741.21, 579966.65, 517692.33, 718837.31, 541129.93,,, 986147.25,,, 953260.60,,,1046861.40,, 937535.60, 860810.44, 822357.20,,  47099.11,  37409.10,1728929.70,  48476.88,1058433.90,1117266.65,1276507.00,1740450.50,1468172.50,1682698.80,1668479.90,1473164.20,1698430.20,1396505.20,, 932925.10,,1188161.15,1172820.00, 958882.70,,  15324.53,1072573.55,,,,,1133119.50, 452186.16, 701665.80,1144966.20, 720918.25, 855453.15, 672086.97,1083651.20,,1041352.48,,1211679.80, 835581.50,,,,,, 847814.88,1129525.65,, 873150.80,1129962.60, 858263.40, 915117.50, 822619.82,1036329.25,0
LQTAPVPMPDLK,,, 688500.40, 679901.93, 550872.10, 582141.25, 622698.45,,,  26509.50,,, 507938.43,,  59981.51, 484015.12, 261829.45, 376421.50, 454539.28, 284950.92,, 509556.85, 521242.90, 676836.97,  44776.25,,,,  19379.18,,, 849540.45,, 737714.55, 520781.75, 482451.47, 470780.81, 519972.16,, 752021.25,,1794154.00,2482884.75,,,1487026.25,,1622211.90,1017357.10,1587115.40, 796880.80, 719355.60,, 542041.60,,1535863.40,,,1075166.60,,2381510.25,2301699.25,1780496.75, 701997.73,, 747619.61, 542194.15, 587339.03,,,  52596.25,, 489849.89,,,  10188.71, 446596.00,  55836.77, 611948.40, 694896.75, 494589.95, 534822.03, 470054.63,,, 572481.38,,, 403485.20,,, 368189.39,, 746022.55, 777906.45, 629843.05,,,, 810283.25,, 631976.90, 693911.01, 659976.28,1702291.50,1678417.50,2178037.50,1623791.25,1537360.25,1827626.25,2218771.50,, 424779.78,  50563.34, 600758.80, 546699.68, 489062.28,,, 599098.85,  26267.91,  45475.32,  61458.01,, 470974.94, 593926.25, 410111.75, 694890.25, 691492.25, 598411.07, 626447.60, 422788.40,, 583407.15,, 461663.31, 688229.55,,,,,, 887270.72, 523585.67,, 500417.72, 474920.35, 343413.55, 463962.50, 386919.25, 940561.38,0
LDLSNVQSK, 638109.85,1127702.00,2283802.90,1791523.40,1578679.70,1464144.50,1435456.10,1249802.90, 962772.43,1172576.05,1220912.40,1247469.20,1755228.00,1345575.95, 361694.94,1852899.10, 733777.80,1148800.60,1718422.20, 808134.62,1098432.30,1482190.65,2080575.20,1818539.55,1905275.60,1624135.30, 837090.75,1402513.90,1729231.90, 685986.28, 943118.93,2288565.00, 165535.88,1866708.40,1662054.20,1908788.80,1239514.90,1665118.10,1129638.20, 852102.06, 955615.10,1526260.20,1497962.00, 628516.40,1178658.40,1403255.40,1265597.60, 939634.40,1080426.10,1308911.60,1306918.80, 969051.20, 852136.00,1598187.90,1078003.40, 884898.70,1012797.70, 884071.25, 939569.70,1237538.40,1640221.00,1062816.80,1440188.60, 751726.66, 597470.79, 676719.04, 617615.95, 784981.38, 776170.00, 719008.84, 421248.19, 564896.80, 661329.25, 339441.79, 396296.15, 621449.43, 650549.00,  72075.71, 442168.45, 593115.33, 408234.80, 977503.74, 764311.28,1258248.00,1640332.15,1708158.85,1054844.98, 728909.40, 839600.56, 692543.03,1072695.23, 981447.03, 979917.72,1218616.20,1401391.40,1596568.60,1448577.60,1020751.06,1020211.94,1619920.85, 907911.60,1994341.45,1100964.20,2354666.50,1045903.56,1435257.40,1421365.50,1444948.80,1135297.50,1530053.00,1218028.00,1037794.80,1111813.10,1534661.80,2002997.20,1802892.30,1527158.00,1295467.70,1171955.80,1605648.00,1624372.55,1816159.75,1269490.95,1375161.95,1342675.50,,1724231.00,1205785.20,1921134.40,1943100.70,2517848.10, 538053.60, 562164.97, 753507.60, 387760.91, 808921.78, 902904.30, 523121.95, 571570.90, 729067.78, 529005.25, 734559.72, 702807.40,1040949.50, 561693.62,1072588.60, 761188.25, 702649.55, 917876.25, 836720.55, 769553.72,0
SGYSSPGSPGTPGSR, 244664.9, 320578.9, 571477.9, 435005.7, 420545.3, 332380.0, 289960.3, 374348.7, 367453.8, 359193.3, 347338.7, 336010.5, 342538.5, 432030.3, 481440.1, 330575.1, 231833.1, 357335.3, 448391.9, 274679.3, 471109.1, 722359.3, 756186.0, 667274.1, 774409.1, 685598.8, 457888.1, 524471.3, 717995.0, 593709.0, 502613.1, 656581.0, 346870.4, 641851.3, 614445.1, 848101.3, 623053.6, 758644.9, 880742.7, 757257.4, 617513.2, 850068.2, 859354.9, 900873.8, 751920.6, 754942.3, 863567.0, 774985.0, 746898.4, 786522.3, 774818.8, 936336.6, 721915.4, 693526.4, 740708.9, 641173.6, 938962.1, 872006.9, 857402.3, 852823.6,1040495.0, 866174.3, 848294.7, 472174.6, 402293.6, 318725.1, 446951.6, 354743.4, 388139.0, 379969.7, 332819.1, 443721.9, 390463.7, 343681.1, 364533.3, 338065.0, 447748.1, 348099.3, 363901.2, 349949.0, 292581.6, 465864.4, 383528.6, 560214.0, 575485.9, 625818.8, 529226.2, 645231.6, 483438.7, 536477.0, 513968.8, 573115.8, 750281.6, 695681.1, 671771.9, 533202.5, 633776.4, 542309.8, 554403.9, 573509.8, 543511.8, 573714.3, 802050.7, 684951.6, 805867.0, 832983.1, 800422.8, 816459.8, 776637.2, 740821.3, 713425.4, 613315.1, 567071.5, 581424.7, 736413.9, 729050.4, 561196.5, 616509.6, 691017.1, 709476.4, 751707.9, 661900.8, 707075.0, 688748.9, 613663.4, 527867.6, 740946.6, 694718.8, 779293.0, 771926.6, 695313.8, 613283.4, 551506.3, 614921.1, 556568.4, 748578.5, 665508.9, 582919.5, 555587.0, 833118.3, 554929.2, 906132.3, 705161.2, 719441.8, 517367.4, 650340.2, 744175.7, 873076.4, 712637.7, 705856.7, 671725.7,0
TPPAPKTPPSSGEPPK, 361016.66, 262172.49, 428895.91, 474377.41, 371837.00, 475433.22, 313730.90, 462533.85, 449248.28, 603213.81, 333065.78, 271137.09, 574807.82, 568182.24, 314493.05, 823219.55,  83709.17, 268835.72, 571480.88, 323929.17, 104232.24, 445398.51, 270342.98, 416747.74, 510345.35, 354298.21, 393120.34, 707525.40, 167603.85, 217916.89, 455744.39, 576699.41, 408775.97,1024193.75, 504973.80, 971839.90, 408966.32, 376280.94,1275691.70, 463635.63, 411435.20, 652897.37,1117161.73, 746884.83, 332459.08,1186934.50, 773671.50, 860553.57,1078758.52, 944086.00,1073432.60, 910554.33, 443262.00,1126416.58, 352544.13, 315987.75, 621201.93, 514825.50, 697786.67, 524163.50,1164130.33, 918616.50, 967059.00, 289433.66, 201773.94, 357994.27, 170711.12, 247133.79, 285747.45, 284409.82, 268545.02, 326752.21, 313574.33, 138250.18, 425507.22, 227714.36, 309064.38, 348922.07, 149663.93, 234060.74, 144544.18, 254769.53, 374028.67, 178897.67,  92611.43, 147558.42, 108005.85, 257697.48, 154319.11, 196435.94, 192569.64, 292037.19, 269403.59, 331358.55, 248812.77, 228496.15, 263620.29, 977569.40, 668689.60, 884185.00, 545641.05, 361441.44, 640431.95, 398500.53, 437958.17, 544886.20, 580800.00, 443115.07, 665962.06, 563038.67, 868192.54, 129440.33, 152552.61, 269094.83, 567937.94, 541019.26, 558691.90, 284362.70, 543820.58, 467341.34, 494016.95, 330169.78, 469414.87, 325958.11, 267275.84, 471721.75, 582683.45, 465379.70, 454542.55, 441003.34, 617410.47, 342125.80, 411243.72, 316003.25,1097564.14, 311186.77, 570004.50, 742391.88, 445039.66, 291278.17, 315198.88, 261604.11, 495436.40, 270072.39,  90011.57, 244074.48, 590480.40, 828778.95, 305990.38, 481814.09, 574936.50,0
STPTAEAEEAGIGDTPSLEDEAAGHVTQAR, 309627.8, 330554.1, 482608.2, 490655.4, 314154.1, 371808.1, 255153.2, 378207.1, 280490.1, 319514.9, 427529.3, 418362.7, 451467.3, 512120.0, 217243.3, 336180.5, 185952.4, 292629.1, 474715.3, 200479.1, 544286.4, 649587.0, 611076.7, 541646.7, 678922.8, 730023.4, 374246.2, 536717.2, 706476.8, 619354.3, 552101.9, 631220.9, 167509.3, 609380.6, 608158.5, 818285.5, 401538.4, 560780.5, 909013.7, 899924.8, 715460.0,1097618.9,1154523.8, 935714.2, 745424.2, 822788.0, 906990.6, 929217.0, 484723.1,1110215.6, 422848.0,1087945.1, 683823.2,1017850.4, 730254.4, 650230.3, 898985.1, 885173.1,1038259.3, 865895.4,1314616.4, 945798.2, 979226.7, 349724.5, 408246.1, 229233.2, 428597.4, 195965.3, 441989.8, 433632.8, 345041.5, 559547.4, 344761.9, 366058.5, 392399.1, 358478.5, 257276.3, 215325.0, 347319.9, 345599.1, 265183.6, 346421.2, 303182.1, 617070.4, 504064.3, 543056.5, 606879.7, 658002.3, 511801.2, 469026.1, 499652.5, 486422.1, 640838.5, 504915.6, 473325.0, 462635.1, 849460.4,1439053.4,1024334.1,1291898.7,1099237.8,1179482.7,1259905.2,1235233.3,1112497.0, 957586.1,1000956.2,1056502.4,1085022.9, 901901.7, 926791.0, 778517.9, 881920.2, 793076.7,1001556.2, 890449.0, 723012.1, 759823.9, 889566.5, 930351.3,1162621.5,1299884.4,1038667.3, 847359.6, 759924.9, 589530.7,1247741.3, 988029.0, 909564.6,1082518.9, 898430.7, 573647.9, 489224.0, 552972.5, 468944.5, 712992.5, 479085.3, 506904.7, 438459.3, 848638.5, 567543.9, 830133.0, 403391.1, 602895.7, 613208.5, 616852.5, 643321.9, 541112.4, 594461.9, 665870.3, 529090.8,0
SEKLDFK, 201532.98, 333955.48, 108178.09, 125227.24, 120206.75,, 222451.56, 772374.16, 650774.72, 413608.34, 413373.67, 619890.75, 221574.39, 868173.22, 112210.43, 200577.64,, 173865.55, 321293.64,  56080.18, 576498.82, 332767.79, 291384.83, 457461.91, 812516.65, 641078.85, 998606.65, 776631.47, 535858.09, 631520.44, 628687.03, 354959.92, 635593.94, 270449.25, 155685.86, 349929.16, 261670.38, 559023.63,, 104900.88,  31488.58, 165943.10,,  51995.66,  62117.64, 147687.58,  56370.62,, 132729.33,,,,  50632.67,,  39966.94,  81955.34,  56538.69,, 253693.10,  82880.32, 324499.72,, 201313.69, 380279.36, 801446.47, 223415.66, 671745.25, 225558.17, 781670.48, 965404.10,1041239.44,1111298.29, 374330.65, 934658.39, 804594.41, 821728.67, 187431.28, 489978.22, 136995.39, 285372.12,, 418306.34, 149869.70, 880168.32, 347836.72, 261493.20, 399062.65, 912035.80, 109609.12, 586362.30, 702977.97, 242012.67,1530453.85, 493420.03, 524155.44, 337708.72, 253114.28,  48944.89,  33648.34, 114401.10,, 362225.97, 174495.76, 599344.15, 242879.97, 128724.14, 139525.88,, 230353.84, 165437.72, 211325.55, 928950.27, 589160.70, 604557.25, 446139.06, 346030.09, 246679.17, 567699.48, 761706.85, 502825.66, 843461.88, 593217.47, 997579.28, 769940.15, 372839.59, 232706.62, 294239.88, 176508.44, 466175.84, 574065.68, 573293.70, 396826.97, 473031.09, 597270.10, 751179.34, 546438.40, 539198.75, 658695.43, 607401.53,1273918.35, 761255.20,1551805.00, 323566.26, 361235.97, 651586.15, 226756.16, 178153.45, 323793.44, 328030.38, 365300.98, 477452.03,0
QEFEVMEDHAGTYGLGDRK,,,191356.945,260570.670,186167.435,152362.120,212268.750,,,  4546.007,,,202297.750,,,167020.720,,,212885.950,,,389840.840,259353.220,302351.525,,,,,,,,302966.340,110260.100,185873.050, 97538.180,187816.140,109105.368,196020.115,,143581.780,,208906.920,246400.140,,,205484.830,,179653.340,177329.440,284055.800,229472.690,209252.900,,132217.900,,150636.420,,,231973.060,,371111.250,231930.530,277376.380,403125.207,,234719.473,425526.451,179902.056,  3743.545,,,,352479.029,,  8216.733,,159167.917,118645.391, 91256.340,129787.166,,279456.429,176540.171,,,224976.000,,,119758.266,,,224036.880,,363687.530,358287.750,320614.000,,,, 64580.352,,354041.410, 86551.385,513470.185,233282.970,127509.125,201424.230,211022.480,274870.530,224351.310,258555.640,,436899.160,,452616.315,368734.740,220314.050,,,389040.265,,, 11571.185,,347423.330, 43786.570,186722.060,147715.730,258547.310,294254.265,237912.575,426410.060,,403208.850,,446055.880,409607.120,,,,, 16620.800,323624.580,324582.170,, 58202.332,130444.580,184374.380,187935.400,180059.485,371533.340,0
HLSNVSSTGSIDMVDSPQLATLADEVSASLAK,,,7.098412e+04,7.908562e+04,3.954459e+04,3.658613e+04,5.671764e+04,2.331638e+02,,,,,4.955518e+04,2.140617e+02,1.599155e+04,8.643445e+04,4.146534e+04,8.179379e+04,1.852178e+05,7.958096e+04,,2.632240e+05,2.026585e+05,2.911549e+05,2.635437e+02,,,,,,,2.035567e+05,1.529944e+04,2.034701e+05,1.340043e+05,1.883401e+05,1.943592e+05,2.330061e+05,,3.422650e+05,,4.336989e+05,3.639809e+05,,,6.403173e+05,,2.893378e+05,4.629238e+05,3.829555e+05,3.353525e+05,2.039808e+05,,2.338751e+05,,2.313976e+05,,,3.572870e+05,6.973975e+03,4.118277e+05,4.006278e+05,5.330102e+05,1.100727e+05,,3.208820e+04,1.131014e+05,4.808191e+04,9.776882e+00,,,2.705693e+02,9.359556e+04,,6.842177e+01,2.620804e+01,6.084550e+04,2.838879e+04,4.089468e+04,7.579492e+04,1.998824e+04,7.864127e+04,5.893290e+04,2.062804e+02,,9.463603e+04,1.134058e+02,,2.332892e+04,,,9.246775e+04,4.485120e+01,1.323605e+05,8.974455e+04,7.321706e+04,7.152031e+02,,,1.533406e+05,,1.429355e+05,2.624947e+05,1.666937e+05,4.221607e+05,1.407467e+04,3.880558e+05,4.326508e+05,3.538119e+05,3.392345e+05,4.390783e+05,,1.162102e+05,,1.328829e+05,1.267143e+05,5.613797e+04,,,1.321508e+05,,,,,1.126255e+05,8.701069e+04,8.324979e+04,6.068753e+03,1.030901e+05,2.261371e+05,1.388821e+05,1.135259e+05,,1.390827e+05,,1.833678e+05,9.681872e+04,,,,,,1.752121e+05,8.837559e+04,,1.018704e+05,6.603713e+03,8.162730e+04,8.963956e+04,1.048669e+05,2.329755e+05,0
KDQGGYTMHQDQEGDTDAGLK,,,251937.615,339644.433,213073.033,246881.133,189483.000,,,, 10122.399,,286930.733,,255596.187,170343.873, 69067.490,150755.947,159813.765,104172.140,,310534.717,258762.957,277050.403,,,,,,,,312084.327,290715.717,169944.293,152751.540,170077.133,155471.203,196374.150,,350522.633,,337318.833,441896.000,,,337833.687, 34360.008,322518.000,284890.933,298152.800,391595.633,428242.700,,487071.500,,312451.417,  6562.073,,342287.600,  7795.502,477436.800,369951.967,315485.367,149538.602,,169820.634,157438.542,135232.362,  3585.095,  9717.314,,,159744.159,,,,133403.664,297941.721,107135.420,129434.062,105677.152,125373.820, 83158.955,,,247957.943,,,266046.817,,,248218.317,,215250.520,218412.520,229843.813,,  6818.368,,300318.842,  7898.618,305145.775,207907.933,333556.967,291794.813,309879.233,312016.767,304292.533,276283.480,358773.300,290642.520,,246856.167,,253181.437,253564.967,234785.333,,,257194.275,  7908.798,,,,240003.250,127542.113,136232.083,224115.967,134619.407,205467.777,179680.468,193063.515,,198618.517,,209337.944,163003.125,,, 35056.141,,  8082.124,136544.680,194665.095,,185088.400,165964.575,108997.235,119566.600,158577.837,204250.351,0
STPTAEDVTAPLVDEGAPGK, 97781.52,158450.54,278292.43,387981.65,203275.74,259079.21,196483.39,112784.35, 86396.68,193719.91,184733.40,134246.79,446686.43,196143.32, 72894.17,185948.94,197467.22,148654.87,205809.08,222615.33,112222.97,360485.42,236496.67,208579.87,185409.96,221359.81, 84166.04,129911.59,202475.46,146641.74,108846.41,256899.34, 20442.82,184508.23,208690.15,241081.64,156442.14,210151.19,200643.35,255829.33,178380.37,270940.31,348314.05,170804.23,232889.85,216685.03,265971.77,229128.67,155206.87,238771.83,273021.75,226415.75,219387.83,250583.20,185168.33,119912.49,301035.00,166129.17,351960.27,348316.25,263490.19,254858.47,213053.27,181143.66,110610.52,194268.72,192430.81,180344.80,135905.92,135106.89, 76940.83,150870.80,230432.96,111175.33, 71026.94,132895.74,227603.22, 36938.13,167523.16,162420.64,111594.91,180077.20,145429.32,195176.40,225467.42,216133.30,135733.58,146151.59,230705.70,183442.84,186523.58,254492.11, 96123.20,213231.37,177745.02,276699.13,207678.15,480700.13,213403.03,308740.94,337292.20,411732.73,221400.35,314545.78,247252.00,199799.85,248861.74,267600.97,282486.09,250550.92,321740.66,124375.94,215472.23,164502.27,259460.04,287978.43,223562.80,159981.22,123436.99,283452.08,204066.98,257904.71,143530.03,138334.31,207858.18,164401.98,251599.78,278313.54,303473.77,235652.85,219105.86,212403.38,129091.71,320274.04,156461.06,265242.89,177878.60,120795.98,122747.63,151838.44,106006.11,137549.44,172881.65,246368.69,127853.05,220825.45,221344.25,138684.47,226478.00,237143.51,183968.95,0
ESPLQTPTEDGSEEPGSETSDAK,162340.12,141117.78,232502.83,245194.44,152340.48,174009.50,117459.39,117205.25,107966.22,164914.65,188821.95,147239.53,248264.18,187955.15,217065.54, 87705.70, 72572.86, 82443.06,124263.46, 59298.21,162878.82,261033.92,212916.94,182382.12,208259.56,339423.33,133913.48,155618.65,230365.63,182135.26,206387.77,236708.94,178333.97,114577.83,199493.65,211297.92, 95373.07,128607.99,367233.90,434237.80,239707.12,358010.50,450651.60,354907.72,254448.04,273673.28,349147.18,423379.36,266519.96,335917.62,419987.60,447321.20,214147.82,511794.56,280320.96,396617.18,390315.96,329288.44,389230.88,305785.00,485993.64,354082.70,274442.30,113818.53,123598.41,106460.34,139409.16, 71912.12,140627.81,174042.77,144651.39,191749.17,124651.61,126999.24,117664.53,150533.65, 88191.38,164746.97,120055.48, 96754.64, 87151.76,100391.92, 81479.63,199969.93,223478.99,176277.29,156036.52,187886.10,276161.10,158510.70,176458.89,145199.92,219135.47,138095.57,123843.96,141741.43,235313.58,494446.30,284212.08,455251.33,474770.96,336861.31,293270.24,347087.53,364293.50,348244.44,348989.80,353743.82,281647.08,427821.60,329005.62,175021.83,196241.90,153027.90,245358.98,234299.77,211803.93,130839.00,150623.97,198164.47,252321.61,404985.50,217520.72,151374.35,199831.80,103317.10,203377.03,143759.99,122240.08,165847.65,167165.93,139997.49,115486.76,158276.85,150864.09,196673.27,119260.71,121696.93, 94466.79,303020.35,152353.07,249474.10, 94270.73,201450.44,159434.46,170077.54,141008.49, 96073.40,125032.14,165438.39,100417.74,0
HVPGGGSVQIVYK,,, 45944.58, 81744.24, 53815.62, 50750.76, 66272.62, 25644.90,, 10391.98,,, 64672.86, 53530.23,137876.95, 75085.02, 57969.36, 65297.41, 88243.88, 53735.68,, 42925.00,111134.09, 99624.18, 34050.29, 28090.00, 19096.61,, 58268.24,,, 83828.66,103705.98,, 78027.77, 80375.46, 98691.59,113298.75,137274.39, 86688.55, 73760.59,143719.39,128816.78,127822.89,129479.82,164950.05,134214.84, 85353.01,143550.06,155162.02,145817.66,106137.52, 84833.94,109883.40, 98065.20, 85150.75,109971.12,124798.25,133805.92,139134.56,158011.98,111572.74,167034.42, 69091.91, 30351.49, 60559.20, 68596.13, 89170.23, 23739.23,,,, 82858.60,, 23044.11,, 71204.06,183205.67,127716.04,103779.06,110464.37,109215.14, 96027.04, 54353.23, 48269.32, 90171.51,,, 46208.64,,, 75216.04, 21168.47, 71603.89, 71607.00, 72235.13, 24244.78, 66386.88, 91228.07,108950.28, 56666.08, 49959.44,173890.80, 91707.00,136870.58, 95551.11,147371.14,136745.77,134330.50, 89947.88, 96028.83, 24368.17, 69974.98, 26314.14, 74212.08, 88773.90,, 27023.75, 55623.65, 77470.77, 63056.08, 23969.17,, 24015.32, 71370.45, 98625.59, 95166.01,108437.98, 96417.54, 82832.19, 88043.54, 81459.67,, 75094.07,,106105.18, 68145.45, 23727.49,, 28622.25,, 36532.76, 99822.82, 73781.72,,129717.96,106180.79,,112439.88, 86396.65, 94221.05,0
PGGGQVEVK,,,, 26059.23, 31574.03, 46016.13, 37665.09, 29655.19,, 18038.14,,, 30711.51, 29689.03, 62329.32, 69865.91,,,, 16191.40,,,, 28608.47, 30064.01,, 30745.03, 30342.53, 36194.78,, 22837.33,, 66807.66, 86022.20,107900.34, 88263.56, 22346.33, 62398.79,,,,,,,,,,,,,,,,,,,,,,,,,,, 30310.40, 40849.01,, 30096.54, 21380.96, 35862.75,, 17092.63,, 18766.92, 30055.75, 13032.81, 48008.76,118139.09, 98174.82, 64629.72,, 36457.05, 42772.24, 26149.78,, 24603.88, 29462.10,, 36869.19, 14294.85, 18491.60, 22864.49, 29661.97,, 56181.12, 56682.34,,,,,, 32628.81,, 36703.54,,,,,,,, 24741.72, 48571.18, 24023.46,,,,,,, 39330.89, 33859.35,,,,,,,, 30144.23, 68096.65, 47074.66,,, 25892.23,,, 26442.24, 15537.36, 34403.54,,, 31092.32,, 29037.79, 83732.92,,, 94436.70, 82863.62, 53090.18,0
QAAAQPHTEIPEGTTAEEAGIGDTPSLEDEAAGHVTQAR, 22235.747, 44208.799, 21858.985, 48681.195,, 59666.664, 65227.043, 22681.440, 34659.228, 36029.269, 40479.571, 33553.194, 31037.673, 55961.753,,, 20311.660,,, 25690.931, 23210.930, 50848.120,, 21250.446, 53958.657, 14827.273,  9938.659, 30745.340, 61850.140,, 26448.135, 12605.070,, 24927.682, 17832.938,,,, 76070.586, 53609.457, 49909.984,118998.914,189552.100, 35452.625,129347.520,109734.520, 99207.810, 98281.305, 29106.488,121673.375, 34012.570, 30932.195,160038.920, 25488.988, 86855.600, 86974.160,132676.170, 58312.387, 45587.400,133085.280, 94540.750,178410.160, 98007.200, 34669.844,, 73379.737, 32446.283, 42065.813, 40551.040,  8467.859,, 33422.097, 51897.040, 22027.081, 14720.823, 20160.802, 30684.235,, 24393.374, 35090.470, 30207.121, 10560.198, 12695.865, 35167.765, 72678.837, 19975.215, 28621.825, 22272.283, 32533.484, 32785.390, 13606.746, 21084.995,, 36608.875, 22197.883, 32982.016, 89632.240, 59378.938, 73720.130,106436.180, 54497.688, 20784.504, 80191.923, 11557.166,142640.160, 72228.790,129934.410,210054.860,111968.450,139067.980,234386.100, 18080.350,, 38865.312, 36551.007, 26808.507,, 65321.273, 33768.853,, 32194.102,  8569.086,, 39212.918, 36772.000, 31455.996, 25659.200, 42194.940, 34699.070, 15101.258,, 47591.640, 51493.395, 26930.855, 19917.276, 39015.295, 37124.742, 34039.633, 29474.660,  3982.180, 24971.495,  3910.265, 18991.617, 22002.071, 36745.776, 41259.906, 30042.695, 13565.550, 24066.445,, 33982.721,0
DQGGYTMHQDQEGDTDAGLKAEEAGIGDTPSLEDEAAGHVTQAR,,,,  9879.891,,,,,,,,,,,,,,,  7302.845,,, 10695.020,,,,,,,,,,  6255.174,,,, 33049.440,,,, 93099.625,,119255.280,171708.310,,,139932.310,, 91666.530,102472.805,181144.980,159557.160,125879.305,, 94845.880,, 57791.040,,,131405.860,,260912.450,165381.030,160107.280, 55544.729,,, 14808.569,,,,,,,,,,,,,,,,,,,,,,,,,,, 17810.855,,,,,, 83218.580,, 10792.624, 62805.684, 50639.660,170414.400, 76795.810,116331.090,150310.750,160096.000,202158.620,159801.030,, 65320.450,, 60909.050,  8304.291,,,, 47510.705,,,,,  7882.795,, 69286.750,, 30328.430, 33264.345, 45123.232, 22555.770,, 34862.118,, 10520.912, 20254.640,,,,,,,,,,,,,, 33949.478,0
TPSLPTPPTREPK, 68812.284, 40719.149,,,,,,158957.715,140448.670,103494.468, 95218.440,109519.408, 63178.902,226955.890,,,,, 11288.079,, 97325.475, 13286.310,  9758.922, 23688.819,224466.820,145259.978,320519.260,212368.055, 78436.920,165502.522,127910.005, 18403.808,,,,,  6381.232, 25599.611,, 24850.595,, 32620.268, 27673.188,,, 18334.570,, 23466.422, 14873.100, 31737.640, 30246.433, 37893.295,, 13426.453,, 17784.633,,, 41953.815,  9370.201, 41768.043, 34788.832, 29979.258, 66789.704,119086.716, 17503.925,121237.776,  5926.612,172076.039,219790.115,390757.894,388996.624, 17415.151,406364.120,254368.335,377994.605, 13845.721, 17106.332,,,, 36025.427,  7376.437,228049.570, 89767.592,,163970.045,455694.140,,238959.258,183224.263, 19401.661,538543.950, 43715.340, 47518.598, 25442.285, 52897.324,,,,,  7400.802, 22277.841, 30281.453, 30464.041, 21223.090, 22047.110, 26204.558, 44688.473, 29970.412,,272047.845, 50758.812,164230.312, 29577.269,  8980.212,, 26647.294, 94070.648, 27817.066,241775.090,194845.195,278152.125,203233.138, 30330.695,,,, 46070.242, 59902.360, 22309.392, 22795.615, 76139.176, 55628.613,296972.595, 26073.385, 38399.500,202507.484,169584.350,494576.525,230757.580,375082.675, 10558.587,,134230.430,,, 25314.056, 16382.104, 24626.475, 33942.289,0
SGYSSPGSPGTPGSRSR,,,,,,,,,,,,,,,,,,,,,,,,,,,,,,,,,,,,,,,,,,,,,,,,,,,,,,,,,,,,,,,,,,,,,,,,,,,,,,,,,,,,,,,,,,,,,,,,,,,,,,,,,,,,,,,,,,,,,,,,,,,,,,,,,,,,,,,,,,,,,,,,,7000.434,,,,,,,0
SEKLDFKDR,,,,,,,,, 20897.148,,,  9224.433,,,,,,,,,,,,,,, 75324.902,,, 43884.350, 41126.130,,,,,,,,,,,,,,,,,,,,,,,,,,,,,,,,,, 14823.954,,,, 63156.861,112028.349,447074.936,145952.536,,261179.376, 25047.363, 75211.454,,,,,,,, 73622.912,,, 39056.560, 67992.534,,,,,486544.340,,,,,,,,,,,,,,,,,,, 99972.745,,,,,,, 76087.140,, 36761.375,,148477.520, 61251.620,,,,,,,,,,,  7865.152,,,,, 92152.140, 40244.770,131426.060,,,,,,,,,,0
LDFKDRVQSK,,,,,,,,,,,,,,,,,,,,,,,,,,,,,,,,,,,,,,,,,,,,,,,,,,,,,,,,,,,,,,,,,,,,,,,,,, 3255.367, 2030.975,,,,,,,,,,,,,,,,,,,,,,,,,,,,,,,,,,,,,,,,,,,,,,,,,,,,,,,,,,,,,,,,,,,22053.679,,,,,,,,,,0
TDHGAEIVYKSPVVSGDTSPR,,,,,,,,,,,,,,,35722.508,16031.566,,,,,,,,,16134.292,,,,,,,,,,,,,,,,,,,,,,,,,,,,,,,,,,,,,,,,,,,,,, 3207.417,,,, 4965.696,,,,,,,,,,,,,,,,11202.209,,,,,,,,,,, 3716.858,,,,,,,,,,,,,,,,,,,,,,,,,,,,,,,,,,,, 3940.668,,,,,,,,,,,,,,0
SRTPSLPTPPTR,,,,,,,,,, 63322.40,,,,,,,,,,,,,,,122837.60,,,,,,,,,,,,,,,,,,,,,,,,,,,,,,,,,,,,,,,,,,,,,,,,,,,,,,,,,,,,,,,,,,,,,,,,,,, 54731.85,,,,,,,,,,,,,,,,,,,,,,,,,,,108520.26,,,, 38021.73,,,,,,,,,,,,,,,,,,,,,0
DQGGYTMHQDQEGDTDAGLKESPLQTPTEDGSEEPGSETSDAK,,,,,,,,,,,,,,,,,,,,,,,,,,,,,,,,,,,,,,,,,,,,,,,,,,,,,,,,,,,,,,,,,,,,,,2544.182,,,,1931.624,,,,,,,,,,7038.629,,,,,,1643.796,,,,,,,,,,,,,,,,,,,,,,,,,,,,,8163.964,,,,,,,,,,,,,,,,,,,,,,,,,,,,,,,,,0
VAVVRTPPKSPSSAK,,,,,,,,,,,,,,,,,,,,,,,,,,,,,,,,,,,,,,,197360.86, 98987.19, 51708.69,219275.69,272238.80, 54340.08,,397464.47,202457.69,169245.27,158975.81,357749.00,,,,193202.62, 90769.93, 95350.23,117187.05,,,174205.78,194341.38,,252753.03,,,,,,,,,,, 36919.54,,,,,,,,,,,,,,,,,,, 36617.75,,,, 36565.38,,171101.44, 74016.05,,,136899.05,,,204975.02,,179228.45,,,,,,,,,,,,,,,,,,,,,,,,,,,,,,,,,,,,,,,,,,,,0
KVAVVRTPPK,,,,,,,,,,,,,,,,,,,,,,,,,,,,,,,,,,,,,,,104623.88,,, 66109.11, 84547.17, 64185.31,,159268.40, 50349.08,124630.56, 63743.42,120178.50, 78050.15, 91277.62,,,,,,,, 36354.09, 68983.70,120140.95,145137.39,,,,,,,,,,,,,,,,,,,,,,,,,,,,,,,,,, 35000.36,,,,,, 24445.25,,,, 44092.93, 36827.22,,,,,,,,,,,,,,,,,,,,,,,,,,,,,,,,,,,,,,,,,,,,0
TPPSSGEPPKSGDR,,,,,,,,,, 7842.730,,,26094.209,,,,,,,,,,,,,,,,,,,,,,,,,,,,,,,,,,,,,,,,,,,,,,,,,,,,,,,,,,,,,,,,,,,,,,,,,,,,,,,,,,,,,68799.190,, 8842.522,,,,,,,,,,,,,,,,,,,,,,,,,,,,,,,,,,,,,,,,,,,,,,,,,,,,0
VAVVRTPPK,,,,,,,,,,,,,,,,,,,,,,,,,,,,,,,,,,,,,,,329790.38,,116359.00, 58434.11,, 80998.23,,101794.00,,,,100113.11,137394.97, 70435.69,, 73379.43,,,,,, 83876.88,, 69313.27, 96331.66,,,,,,,,,,,,,,,,,,,,,,,,,,,,,,,,,,,103415.74,106428.36,,,,,,,,,,,,,,,,,,,,,,,,,,,,,,,,,,,,,,,,,,,,,,,,,,,,,0
VQIVYKPVDLSKVTSK,,,,,,,,,, 5645.205,,,,,,,,,,,,,,,,,,,,,,,,,,,,,,,,,,,,,,,,,,,,,,,,,,,,,,,,,,,,,,,,,,,,,,,,,,,,,,,,,,,,,,,,30163.201,,,,,,,,,,,,,,,,,,,,,,,,,,,,,,,,,,,,,,,,,,,,,,,,,,,,,,0
TPPAPKTPPSSGEPPKSGDR,,,,,,,,,,,,,,,,,,,,,,,,,,,,,,,,,,,,,,,,,,,,,,,,,,,,,,,,,,,,,,,,,,,,,,15528.78,39040.09,,,,,,,,,,,,,,,,,,,,,,31329.60,,,,,,,,,,,,,,,,,,,,,,,,,,,,,,,,,,,,,,,,,,,,,,,,,,,,,,,,,,,0
GQANATRIPAK,,,,,,,,,,,,,,,,,,,,,,,,,,,,,,,,,,,,,,,,,,,,,,,,,,,,,,,,,,,,,,,,,,,,,,,,,,,,,,,,,3640.696,,,,,,,,,,,,,,,,,,,,,,,,,,,,,,,,,,,,,,,,,,,,,,,,,,,,,,,,,,,,,,,,,,,,,,,0
SGDRSGYSSPGSPGTPGSR,,,,,,,,,,,,,,,,,,,,,,,,,, 6813.825,,,,,,,,,,,,,,,, 6959.616,,,,,,,,,,,,,14798.465,,,,,,,,,,,,,,,,,,,,,,,,,,,,,,,,,,,,,,,,,,,,,,,,,,,,,,,,,,,,,,,,,,,,,,,,,,,,,,,,,,,,,,,,,,,,,,,,,0
SKIGSTENLK,,,,,,,,,,,,20216.66,,,,,,,,,,,,,,,,,,,,,,,,,,,,,,,,,,,,,,,,,,,,,,,,,,,,,,,,,,,,,,,,,,,,,,,,,,,,,,,,,,,,,,,,,,,,,,,,,,,,,,,,,,,,,,,,,,,,,,,,,,,,,,,,,,,,,,,,,,,,0
SRTPSLPTPPTREPK,,,,,,,,,,17220.42,,,,,,,,,,,,,,,,,,,,,,,,,,,,,,,,,,,,,,,,,,,,,,,,,,,,,,,,,,,,,,,,,,,,,,,,,,,,,,,,,,,,,,,,,,,,,,,,,,,,,,,,,,,,,,,,,,,,,,,,,,,,,,,,,,,,,,,,,,,,,,0
AEEAGIGDTPSLEDEAAGHVTQARMVSK,,,,,,,,,,,,,,,,,,,,,,,,,,,,,,,,,,,,,,,,,,,,,,,,,,,,,,,,,,,,,,,,,,,,,,,,,,,,,,,,,,,,,,,,,,,,,,,,,,,,,,,,,,,,,,,,,,,,,,,,,,,,,,,,,,,,,,,,,,,,,,,,,,,,,,,,0
AEPRQEFEVMEDHAGTYGLGDRK,,,,,,,,,,,,,,,,,,,,,,,,,,,,,,,,,,,,,,,,,,,,,,,,,,,,,,,,,,,,,,,,,,,,,,,,,,,,,,,,,,,,,,,,,,,,,,,,,,,,,,,,,,,,,,,,,,,,,,,,,,,,,,,,,,,,,,,,,,,,,,,,,,,,,,,,0
DGTGSDDK,,,,,,,,,,,,,,,,,,,,,,,,,,,,,,,,,,,,,,,,,,,,,,,,,,,,,,,,,,,,,,,,,,,,,,,,,,,,,,,,,,,,,,,,,,,,,,,,,,,,,,,,,,,,,,,,,,,,,,,,,,,,,,,,,,,,,,,,,,,,,,,,,,,,,,,,0
IATPRGAAPPGQK,,,,,,,,,,,,,,,,,,,,,,,,,,,,,,,,,,,,,,,,,,,,,,,,,,,,,,,,,,,,,,,,,,,,,,,,,,,,,,,,,,,,,,,,,,,,,,,,,,,,,,,,,,,,,,,,,,,,,,,,,,,,,,,,,,,,,,,,,,,,,,,,,,,,,,,,0
IGSTENLKHQPGGGK,,,,,,,,,,,,,,,,,,,,,,,,,,,,,,,,,,,,,,,,,,,,,,,,,,,,,,,,,,,,,,,,,,,,,,,,,,,,,,,,,,,,,,,,,,,,,,,,,,,,,,,,,,,,,,,,,,,,,,,,,,,,,,,,,,,,,,,,,,,,,,,,,,,,,,,,0
SPVVSGDTSPRHLSNVSSTGSIDMVDSPQLATLADEVSASLAK,,,,,,,,,,,,,,,,,,,,,,,,,,,,,,,,,,,,,,,,,,,,,,,,,,,,,,,,,,,,,,,,,,,,,,,,,,,,,,,,,,,,,,,,,,,,,,,,,,,,,,,,,,,,,,,,,,,,,,,,,,,,,,,,,,,,,,,,,,,,,,,,,,,,,,,,0
SRLQTAPVPMPDLK,,,,,,,,,,,,,,,,,,,,,,,,,,,,,,,,,,,,,,,,,,,,,,,,,,,,,,,,,,,,,,,,,,,,,,,,,,,,,,,,,,,,,,,,,,,,,,,,,,,,,,,,,,,,,,,,,,,,,,,,,,,,,,,,,,,,,,,,,,,,,,,,,,,,,,,,0
