,,0N,1N,2N4R,3R,2N4R,2N4R,2N4R,2N4R,2N4R,2N4R,0N,2N4R,2N4R,1N,2N4R,1N,2N4R,1N,2N4R,2N4R,2N4R,2N4R,2N4R,1N,2N4R,1N,2N4R,2N4R,2N4R,2N4R,2N4R,2N4R,2N4R,2N4R,2N4R,2N4R,2N4R,2N4R,2N4R,2N4R,2N4R,2N4R,2N4R,2N4R,2N4R,2N4R,2N4R,3R,2N4R,2N4R,3R,2N4R,2N4R,2N4R,2N4R,2N4R,2N4R,2N4R,2N4R,2N4R,2N4R,2N4R,2N4R,2N4R,2N4R,2N4R,2N4R,2N4R,2N4R,2N4R,2N4R,2N4R,2N4R,2N4R,2N4R,2N4R,2N4R,2N4R,2N4R,2N4R,2N4R,2N4R
,,,,,,Non-tryptic@2-4,Non-tryptic@7-13,Non-tryptic@15,Non-tryptic@19,Non-tryptic@23,Non-tryptic@26-32,Non-tryptic@33-34,Non-tryptic@37,Non-tryptic@39,Non-tryptic@50,Non-tryptic@50-51,Non-tryptic@53,Non-tryptic@70-71,Non-tryptic@70-73,Non-tryptic@78,Non-tryptic@89,Non-tryptic@96-97,Non-tryptic@101,Non-tryptic@103-115,Non-tryptic@122,Non-tryptic@122,Non-tryptic@124-125,Non-tryptic@125,Non-tryptic@157,Non-tryptic@166,Non-tryptic@172,Non-tryptic@176-180,Non-tryptic@182-183,Non-tryptic@190,Non-tryptic@196-198,Non-tryptic@200,Non-tryptic@214,Non-tryptic@227-229,Non-tryptic@232,Non-tryptic@238,Non-tryptic@240,Non-tryptic@242,Non-tryptic@244-247,Non-tryptic@249,Non-tryptic@256,Non-tryptic@261-262,Non-tryptic@264,Non-tryptic@266,Non-tryptic@266-267,Non-tryptic@269,Non-tryptic@272,Non-tryptic@269-274,Non-tryptic@279-280,Non-tryptic@283,Non-tryptic@289,Non-tryptic@293-294,Non-tryptic@296-298,Non-tryptic@300-312,Non-tryptic@315-317,Non-tryptic@319-321,Non-tryptic@323-332,Non-tryptic@334-340,Non-tryptic@342-343,Non-tryptic@345-346,Non-tryptic@349,Non-tryptic@352-353,Non-tryptic@355-361,Non-tryptic@364,Non-tryptic@367-369,Non-tryptic@372-373,Non-tryptic@382,Non-tryptic@385,Non-tryptic@387-391,Non-tryptic@393-395,Non-tryptic@397-406,Non-tryptic@408-409,Non-tryptic@411,Non-tryptic@420,Non-tryptic@422,Non-tryptic@424-429,Non-tryptic@432,Non-tryptic@434,Non-tryptic@440
AD_Insol_01,AD,0,1,1,0,0,0.2857143,0,0,0,0,0,0,0,0,0,0,0,0,0,0,0,0,0.5333333,0,0,0,0,0,0,0,0,0,0,0,0,1,0.6666667,0,0,0,0,0.5,0,0,0.5,0,0,0,0,0,0.1666667,0,0,0,0,0,0.4285714,0,0,0.4,0,0,0,0,0.5,0.7142857,0,0,0,0,0,0.2,0.3333333,0.5,1,0,0,0,0.5,1,0,0
AD_Insol_02,AD,0,1,1,1,0,0.8571429,0,0,0,0.1428571,0,0,0,0,0,0,0.5,0.25,0,0,0.5,0,0.7333333,0,0,0,0,0,0,0,0,0,0,0,0,0,0.3333333,0,0,0,0,0.25,0,0,0.5,0,0,0,0,0,0.1666667,0,0,0,0,0.3333333,0.6666667,0.4,0,1,0.1428571,0,0,0,1,1,0,0.3333333,0,0,0,0.2,0,0.5,1,0,0,1,0.3333333,0,1,0
AD_Insol_03,AD,0,1,1,0,0,0,0,0,0,0,0,0,0,0,0,0,0,0,0,0,0,0,0.06666667,0,0,0,0,0,0,0,0,0,0,0,0,0,0,0,0,0,0,0,0,0,0,0,0,0,0,0,0,0,0,0,0,0,0.14285714,0.4,0,0.3,0,0,0,0,0,0.14285714,0,0,0,0,0,0,0,0,0.5,0,0,0,0.16666667,0,0,0
AD_Insol_04,AD,0,1,1,0,0,0,0,0,0,0,0,0,0,0,0,0,0,0,0,0,0,0,0.06666667,0,0,0,0,0,0,0,0,0,0,0,0,0,0,0,0,0,0,0,0,0,0,0,0,0,0,0,0,0,0,0,0,0,0.0952381,0,0,0.2,0,0,0,0,0,0.14285714,0,0,0,0,0,0,0,0,0,0,0,0,0.16666667,0,0,0
AD_Insol_05,AD,0,1,1,0,0,0.5714286,0,0,0,0,0,0,0,0,0,0,0,0,0,0,0,0,0.3333333,0,0,0,0,0,0,0,0,0,0,0,0,0,0,0,0,0,0,0.25,0,0,0,0,0,0,0,0,0,0,0,0,0,0,0.4761905,0.2,0,0.9,0,0,0,0,0.5,0.7142857,0,0.3333333,0,0,0,0.2,0.3333333,0,0.5,0,0,0,0.1666667,1,0,0
AD_Insol_06,AD,0,1,1,1,0,0.8571429,0,0,0,0,0,0,0,0,0,0,0.5,0.5,0,0,0.5,0,0.7333333,0,0,0,0,0,0,0,0,0,0,0,0,0,0.6666667,0,0,0,0,0.5,0,0,0.5,0,0,0,0,0,0.5,0,0,0,0,0.6666667,0.7142857,0.6,0,0.9,0,0,0,0,0.5,1,0,0.3333333,0,0,1,0.2,0.3333333,0.2,0.5,0,0,1,0.6666667,0,0,0
AD_Insol_07,AD,0,1,1,1,0.3333333,0.8571429,0,0,1,0.2857143,0,0,0,0,0,0,0.5,0.5,0,0,0.5,0,0.7333333,0,0,0,0,0,0,0,0,0,0,0,0,0,0.6666667,0,0,0,0,0.5,0,0,0.5,0,0,0,0,0,0.3333333,0,0,0,0,0.6666667,0.6190476,0.4,0.4,1,0,0,0,0,0,1,0,0,0,0,1,0.2,0.3333333,0.4,0.5,0,0,0,0.6666667,0,1,0
AD_Insol_08,AD,0,1,1,1,0,0.1428571,0,0,0,0,0,0,0,1,0.5,0,0.5,0.25,0,0,0,0,0.6,0,0,0,0,0,0,0,0,0,0,0,0,0,0.6666667,0,0,0,0,0.25,0,0,0,0,0,0.5,0,0,0.1666667,0,0,0,0,0.6666667,0.5238095,0,0.2,0.9,0.1428571,0,0,0,0.5,1,0,0.3333333,0,0,0,0.2,0,0.2,0.5,0,0,1,0.3333333,0,0,0
AD_Insol_09,AD,0,1,1,0,0,0.2857143,0,0,0,0,0,0,0,1,0.5,0,0,0,0,0,1,0,0.4666667,0,0,0,0,0,0,0,0.2,0,0,0,0,0,0.3333333,0,0,0,0,0.25,0,0,0.5,0,0,0,0,0,0.1666667,0,0,0,0,0,0.4761905,0,0,0.9,0,0,0,0,0,1,0,0,0,0,0,0.2,0,0.1,0.5,0,0,0,0.3333333,1,0,1
AD_Insol_10,AD,1,1,1,1,0.3333333,0.8571429,0,0,0,0,0,0,0,0,0,0,0.5,0.25,0,0,1,0,0.8,0,0,0,0,0,0,0,0.2,0,0,0,0,0,0.6666667,0,0,1,0,0.5,0,0,1,0,0,0,0,0,0.5,0,0,0,0,0.6666667,0.6190476,0.6,0.2,1,0,0,0.5,0,1,1,0,0,0,0,0,0.4,0,0.6,1,0,0,1,0.6666667,1,0,1
AD_Insol_11,AD,0,1,1,1,0.3333333,0.8571429,0,0,0,0.1428571,0,0,0,0,0,0,0.5,0.25,0,0,1,0,0.8666667,1,0.5,0.5,0.5,0,0,0,0.2,0,0,0,0,1,0.6666667,1,0,0,0,0.5,0,0,0.5,0,0,0,0,0,0.3333333,0.5,0,0,0,0.6666667,0.5238095,0.2,0.2,1,0.1428571,0,0.5,0,1,1,0,0.3333333,0,0,0,0.4,0,0.7,1,0,0,0,0.6666667,1,1,1
AD_Insol_12,AD,0,1,1,1,0.3333333,0.8571429,0,0,1,0,0.5,0,0,0,0,0,0.5,0.5,0,0,1,0,0.6,1,0.5,0,0,0,0,0,0,0,0,0,0,0,0.6666667,0,0,0,0,0.75,0,0,0.5,0,0,0,0,0,0.3333333,0,0,0,0,0.6666667,0.6666667,0.6,0.2,1,0.1428571,0,0,0,0.5,1,0,0.3333333,0,0,0,0.2,0.3333333,0.5,1,0,0,0,0.6666667,1,0,0
AD_Insol_13,AD,0,1,1,1,0,0.5714286,0,0,0,0,0,0,0,0,0,0,0,0,0,0,0.5,0,0.5333333,0,0,0,0,0,0,0,0.2,0,0,0,0,1,1,0,0,0,0,0.5,0,0,1,0,0,0,0,0,0.3333333,0,0,0,0,0.6666667,0.6666667,0.6,0,1,0.2857143,0,0,0,1,0.8571429,1,0.6666667,0,0,1,0.2,0.3333333,0.5,1,1,0,0,0.8333333,1,0,0
AD_Insol_14,AD,0,1,1,0,0,0,0,0,0,0,0,0,0,0,0,0,0,0,0,0,0.5,0,0.4,0,0,0,0,0,0,0,0,0,0,0,0,0,0.3333333,0,0,0,0,0.25,0,0,0,0,0,0,0,0,0,0,0,0,0,0.3333333,0.5238095,0,0,0.9,0,0,0.5,0,0.5,0.7142857,0,0,0,0,0,0.2,0,0,1,0,0,0,0.3333333,0,0,0
AD_Insol_15,AD,0,1,1,1,0.3333333,0.4285714,0,0,0,0,0,0,0,0,0,0,0,0,0,0,0,0,0.2,0,0,0,0,0,1,1,0,0,0,0,0,0,0.3333333,0,0,0,0,0.75,1,0,1,1,0,0,1,0,0.8333333,0,0,0,0,0.3333333,0.4761905,0.2,0,0.8,0.2857143,1,1,0,1,0.7142857,0,1,1,0,0,0.2,0,0.3,0,0,0,0,0,0,0,0
AD_Insol_16,AD,1,1,1,1,0.3333333,0.5714286,0,0,0,0.1428571,0,0,0,0,0,0,0,0.25,0,0,0.5,0,0.6666667,0,0,0,0,0,0,0,0.2,0.5,0,0,0,1,1,0,0,0,0,0.75,0,1,1,0,0,0,0,0,0,0.5,0,0,0,0,0.4761905,0,0,0.5,0.1428571,0,0,0,0.5,1,0,0.3333333,0,0,1,0.2,0.3333333,0.5,1,0,0,0,0.5,0,1,1
AD_Insol_17,AD,0,0,1,1,0.3333333,0,0,0,0,0,0,0,0,0,0,0,0,0,0,0,0,0,0,0,0,0,0,0,0,0,0,0,0,0,0,0,0,0,0,0,0,0,0,0,0.5,0,0,0,0,0,0.1666667,0,0,0,0,0,0.3333333,0.2,0,0.4,0,0.5,0,0,0.5,0.5714286,0,0,0,0,0,0,0,0,0,0,0,0,0,0,0,0
AD_Insol_18,AD,0,1,1,0,0,0,0,0,0,0,0,0,0,0,0,0,0,0,0,0,0,0,0.06666667,0,0,0,0,0,0,0,0,0,0,0,0,0,0,0,0,0,0,0.25,0,0,0,0,0,0,0,0,0,0,0,0,0,0,0.38095238,0,0,0.4,0,0,0,0,0,0.57142857,0,0,0,0,0,0.2,0,0,0,0,0,0,0.16666667,0,0,0
AD_Insol_19,AD,1,1,1,1,0.3333333,1,0,0,1,0.1428571,0,0,0,0,0,0,0.5,0.25,0,0,0,0,0.8666667,0,0,0,0,0,0,0,0.6,0.5,0,0,0,1,0.6666667,0,0,0,1,0.5,0,0,1,0,0,0,0,0,0.5,0.5,0,0,0,1,0.5238095,0.4,0.4,1,0.1428571,0,0,0,0.5,0.8571429,0,0,0,0,1,0.4,0.3333333,0.2,0.5,0,0,0,0.1666667,1,1,1
AD_Insol_20,AD,1,1,1,1,0.3333333,1,0,0,0,0.4285714,0,0,0,1,0.5,0,0.5,0.5,1,1,0.5,0,0.8666667,0,0,0,0,0,0,0,0.6,0.5,0,0,0,1,0.6666667,0,0,0,1,1,0,1,1,1,0,0,0,0,0.6666667,0,0,0,0,0.6666667,0.5238095,0.2,0.2,1,0.1428571,0.5,0,0,1,1,0,0.6666667,0,0,1,0.4,0.3333333,0.5,1,0,0,0,0.3333333,0,1,0
AD_Insol_21,AD,1,1,1,0,0,0.7142857,0,0,0,0.1428571,0,0,0,0,0,0,0,0,0,0,0.5,0,0.4666667,0,0,0,0,0,0,0,0,0,0,0,0,0,0.3333333,0,0,0,0,0.5,0,0,0,0,0,0,0,0,0,0,0,0,0,0,0.6190476,0,0,0.9,0,0,0,0,0,1,0,0,0,0,0,0.2,0.3333333,0,0.5,0,0,0,0.3333333,1,1,0
AD_Insol_22,AD,1,1,1,1,0,0.7142857,0,0,0,0.5714286,0,0,0,0,0,0,0,0.25,0,0,0,0,0.7333333,0,0,0.5,0.5,0,0,0,0.2,0,0,0.3333333,0,0,1,0,0,0,0,1,0,0,0.5,0,0,0,0,0,0.1666667,0.5,0,0,0,1,0.7142857,0.4,0,0.9,0.2857143,0,0,0,0.5,0.8571429,0,0,0,0,1,0.4,0.3333333,0.4,1,0,0,0,0.6666667,1,1,0
AD_Insol_23,AD,0,1,1,1,0,0,0,0,0,0,0,0,0,0,0,0,0,0,0,0,0,0,0.4666667,0,0,0,0,0,0,0,0,0,0,0,0,0,0.6666667,0,0,0,0,0.5,0,0,0.5,0,0,0,0,0,0,0.5,0,0,0,0.3333333,0.4761905,0.4,0,0.7,0.2857143,0,0,0,0.5,0.8571429,0,0,0,0,1,0.2,0,0.1,0.5,0,0,0,0.1666667,1,1,0
AD_Insol_24,AD,0,1,1,1,0.33333333,0,0,0,0,0,0,0,0,0,0,0,0,0,0,0,0,0,0.06666667,0,0,0,0,0,0,0,0,0,0,0,0,0,0.33333333,0,0,0,0,0.75,0,0,1,1,0,0,1,0,0.66666667,0,0,0,0,0.33333333,0.52380952,0.2,0,0.8,0.14285714,0.5,1,0,0.5,0.71428571,0,0.66666667,1,0,0,0.2,0,0.1,0,0,0,0,0,0,0,0
AD_Insol_25,AD,0,1,1,0,0,0.1428571,0,0,0,0.1428571,0,0,0,0,0,0,0,0,0,0,0,0,0.3333333,0,0,0,0,0,0,0,0,0,0,0.3333333,0,0,0.6666667,0,0,0,0,0.75,0,0,0,0,0,0,0,0,0,0,0,1,0,0,0.5238095,0.4,0,0.4,0,0,0,0,0.5,1,0,0,0,0,1,0.2,0,0.1,0.5,0,0,0,0.1666667,1,0,0
AD_Insol_30,AD,0,1,1,0,0,0.2857143,0,0,0,0,0,0,0,0,0,0,0,0,0,0,0,0,0.1333333,0,0,0,0,0,0,0,0,0,0,0.3333333,0,0,1,0,0,0,0,0.75,0,0,0.5,0,0,0,0,0,0,0,0,0,0,0,0.5238095,0,0,0.6,0,0,0,0,0.5,0.7142857,0,0,0,0,0,0.2,0.3333333,0,0.5,0,0,1,0.6666667,1,1,0
AD_Insol_31,AD,0,1,1,1,0,0.8571429,0,0,0,0.5714286,0,0,0,0,0,0,0.5,0.5,0,0,1,0,0.7333333,1,0.5,0,0,0,0,0,0.4,0.5,1,0,0,1,0.6666667,0,0,0,0,0.25,0,0,0.5,0,0,0,0,0,0.1666667,0.5,0,0,0,0.6666667,0.7619048,0.6,0,1,0.2857143,0,0,0,0,1,0,0.3333333,0.5,0,1,0.4,0,0.7,1,0,0,1,1,1,1,0
AD_Insol_32,AD,0,1,1,1,0,0.8571429,0,0,0,0.5714286,0,0,0,0,0,0,0.5,0.5,0,0,1,0,0.7333333,0,0,0.5,0.5,0,0,0,0.4,0.5,0,0,0,0,1,0,0,0,0,0.75,0,0,0.5,0,0,0,0,0,0.1666667,0.5,0,0,0,0.3333333,0.7619048,0.6,0,1,0.1428571,0,0,0,0.5,1,0,0,0,0,1,0.4,0.3333333,0.6,1,0,0,0,0.6666667,1,0,0
AD_Insol_33,AD,0,1,1,1,0,0.7142857,0,0,0,0.5714286,0,0,0,0,0,0,0.5,0.25,0,0,0.5,0,0.8666667,0,0,0,0,0,0,0,0.4,0,0,0,0,0,0.6666667,0,0,0,0,0.25,0,0,0,0,0,0,0,0,0.3333333,0,0,0,0,0.6666667,0.6666667,0.6,0,1,0.1428571,0,0,0,1,0.8571429,0,0.3333333,0,0,0,0.4,0,0.3,0.5,0,0,0,0.5,1,0,0
AD_Insol_34,AD,1,1,1,1,0,1,0,0,0,0.5714286,0.5,0,0,0,0,0,0.5,0.75,0,0,0.5,0,0.8666667,1,0.5,0,0,1,0,0,0.8,0.5,1,0,0,1,1,1,1,0,0,0.75,1,0,0.5,0,1,0.5,0,0,0.6666667,0.5,0,0,0.5,1,0.7619048,0.6,0.2,1,0.2857143,0,0,0,1,1,0,0.3333333,0,0,1,0.6,0,0.8,1,1,0,1,1,1,1,0
AD_Insol_35,AD,1,1,1,1,0.3333333,1,0.5,0,1,0.8571429,0,0,0,0,0,0,1,0.5,0,0,0,0,0.8666667,1,0.5,0,0,0,0,0,0.8,1,1,0,0,1,1,1,0,0,1,1,1,1,1,1,1,1,0,0,0.6666667,1,1,0,0,1,0.6190476,0.6,0.6,1,0.8571429,0,0.5,1,1,1,0,0.6666667,0.5,1,1,1,1,0.9,1,1,0,1,0.8333333,1,1,0
AD_Insol_36,AD,1,1,1,1,0,1,0,0,1,0.8571429,0,0,0,0,0,0,0.5,0.75,0,0,0.5,0,0.8,1,0.5,0,0,0,0,0,0.6,1,0,0,0,1,1,0,0,0,0,1,0,0,1,1,1,0.5,0,0,0.5,0.5,0,0,0.5,0.6666667,0.7619048,0.6,0.2,1,0.2857143,0,0.5,0,1,1,0,0.3333333,0,0,1,0.6,0.3333333,0.8,1,1,0,0,0.5,1,1,0
AD_Insol_37,AD,1,1,1,1,0,1,0,1,1,0.4285714,0,0,1,0,0.5,0,1,1,1,0,0.5,1,0.8666667,0,0,0,0,0,0,0,0.6,0.5,0,0,0,0,1,0,0,0,0,0.75,0,0,0.5,0,0,0,0,0,0.3333333,0.5,0,0,0,0.6666667,0.6666667,0.6,0,1,0.2857143,0,0,0,0.5,1,1,0,0,0,1,0.6,0.3333333,0.8,1,1,0,0,0.8333333,0,1,0
CAA_Insol_01,AD,0,1,1,1,0,1,0,0,0,0.2857143,0,0,0,0,0,0,0,0,0,0,0.5,0,0.6666667,1,0.5,0,0,0,0,0,0,0,0,0,0,0,0.6666667,0,0,0,0,0.75,0,0,0.5,0,0,0,0,0,0.1666667,0.5,0,0,0,0.6666667,0.6190476,0.4,0,0.9,0.2857143,0,0,0,0.5,1,0,0.3333333,0,0,1,0.2,0.3333333,0.1,0.5,0,0,0,0.3333333,0,0,0
CBD_Insol_01,CBD,0,1,1,0,0.33333333,0,0,0,0,0,0,0,0,0,0,0,0,0,0,0,0.5,0,0.06666667,0,0,0,0,0,0,0,0,0,0,0,0,0,0.33333333,0,0,0,0,0.25,0,0,0,0,0,0,0,0,0,0,0,0,0,0,0.19047619,0,0,0.4,0,0,0,0,0.5,0.57142857,0,0.33333333,0,0,0,0.2,0,0,0,0,0,0,0,0,0,0
CBD_Insol_02,CBD,0,1,1,0,0,0.5714286,0,0,0,0,0,0,0,0,0,0,0,0,0,0,0,0,0.2666667,0,0,0,0,0,0,0,0,0,0,0,0,0,0,0,0,0,0,0.25,0,0,0,0,0,0,0,0,0,0,0,0,0,0,0.2857143,0,0,0.8,0,0,0,0,0.5,0.7142857,0,0.3333333,0,0,0,0.2,0,0,0,0,0,0,0,0,0,0
CBD_Insol_03,CBD,0,1,1,0,0,0.14285714,0,0,0,0,0,0,0,0,0,0,0,0,0,0,0,0,0.06666667,0,0,0,0,0,0,0,0,0,0,0,0,0,0,0,0,0,0,0,0,0,0,0,0,0,0,0,0,0,0,0,0,0,0.19047619,0,0,0.4,0,0,0,0,0,0.28571429,0,0,0,0,0,0.2,0,0,0,0,0,0,0.16666667,0,0,0
CBD_Insol_04,CBD,0,1,1,0,0,0.4285714,0,0,0,0,0,0,0,0,0,0,0,0,0,0,0,0,0.4,0,0,0,0,0,0,0,0,0,0,0,0,0,0,0,0,0,0,0.25,0,0,0,0,0,0,0,0,0,0,0,0,0,0,0.4761905,0,0,0.9,0.1428571,0,0,0,0.5,0.7142857,0,0.3333333,0.5,0,0,0.2,0,0,0,0,0,0,0.5,0,0,0
CBD_Insol_05,CBD,0,1,1,0,0,0.2857143,0,0,0,0,0,0,0,0,0,0,0,0,0,0,0.5,0,0.2,0,0,0,0,0,0,0,0,0,0,0,0,0,0,0,0,0,0,0,0,0,0,0,0,0,0,0,0,0,0,0,0,0,0.1428571,0,0,0.5,0,0,0,0,0,0.7142857,0,0,0.5,0,0,0,0,0,0,0,0,0,0,0,0,0
CBD_Insol_06,CBD,0,1,1,0,0,0,0,0,0,0,0,0,0,0,0,0,0,0,0,0,0.5,0,0.06666667,0,0,0,0,0,0,0,0,0,0,0,0,0,0.33333333,0,0,0,0,0.25,0,0,0,0,0,0,0,0,0,0,0,0,0,0,0.23809524,0,0,0.8,0.14285714,0,0,0,0,0.85714286,0,0,0.5,0,0,0.2,0,0,0,0,0,0,0.16666667,0,0,0
CBD_Insol_07,CBD,0,1,1,0,0,0.5714286,0,0,0,0,0,0,0,0,0,0,0,0,0,0,1,0,0.2,0,0,0,0,0,0,0,0,0,0,0,0,0,0,0,0,0,0,0.25,0,0,0.5,0,0,0,0,0,0,0,0,0,0,0,0.4285714,0.2,0,0.7,0,0,0,0,0.5,0.8571429,0,0.3333333,0.5,0,0,0.2,0,0,0,0,0,0,0.1666667,0,1,0
CBD_Insol_08,CBD,0,1,1,0,0,0,0,0,0,0,0,0,0,0,0,0,0,0,0,0,0,0,0.06666667,0,0,0,0,0,0,0,0,0,0,0,0,0,0,0,0,0,0,0.25,0,0,0,0,0,0,0,0,0,0,0,0,0,0,0.23809524,0.2,0,0.4,0,0,0,0,0.5,0.42857143,0,0,0.5,0,0,0,0,0,0,0,0,0,0.33333333,0,0,0
CBD_Insol_09,CBD,0,1,1,0,0,0,0,0,0,0,0,0,0,0,0,0,0,0,0,0,0,0,0,0,0,0,0,0,0,0,0,0,0,0,0,0,0,0,0,0,0,0,0,0,0,0,0,0,0,0,0,0,0,0,0,0,0.1428571,0,0,0.4,0,0,0,0,0,0.1428571,0,0,0,0,0,0,0,0,0,0,0,0,0.1666667,0,0,0
CBD_Insol_10,CBD,0,1,1,0,0,0,0,0,0,0,0,0,0,0,0,0,0,0,0,0,0,0,0.06666667,0,0,0,0,0,0,0,0,0,0,0,0,0,0,0,0,0,0,0,0,0,0,0,0,0,0,0,0,0,0,0,0,0,0.28571429,0,0,0.4,0,0,0,0,0,0.57142857,0,0,0,0,0,0.2,0,0,0,0,0,0,0.16666667,0,1,0
CBD_Insol_11,CBD,0,1,1,0,0,0,0,0,0,0,0,0,0,0,0,0,0,0,0,0,0,0,0.06666667,0,0,0,0,0,0,0,0,0,0,0,0,0,0,0,0,0,0,0,0,0,0,0,0,0,0,0,0,0,0,0,0,0,0.19047619,0,0,0.1,0,0,0,0,0,0.28571429,0,0.33333333,0,0,0,0.2,0,0,0,0,0,0,0.33333333,0,0,0
CBD_Insol_12,CBD,0,1,1,0,0,0.2857143,0,0,0,0,0,0,0,0,0,0,0,0,0,0,0,0,0.2,0,0,0,0,0,0,0,0,0,0,0,0,0,0,0,0,0,0,0.25,0,0,0,0,0,0,0,0,0,0,0,0,0,0,0.4285714,0.4,0,0.7,0,0,0,0,0,0.7142857,0,0,0,0,0,0.2,0,0,0,0,0,0,0.3333333,1,0,0
CBD_Insol_13,CBD,0,1,1,0,0,0,0,0,0,0,0,0,0,0,0,0,0,0,0,0,0,0,0.06666667,0,0,0,0,0,0,0,0,0,0,0,0,0,0,0,0,0,0,0.25,0,0,0.5,0,0,0,0,0,0,0,0,0,0,0,0.0952381,0,0,0,0,0,0,0,0,0.42857143,0,0,0,0,0,0.2,0,0,0.5,0,0,0,0.16666667,0,0,0
CBD_Insol_14,CBD,0,1,1,0,0,0,0,0,0,0,0,0,0,0,0,0,0,0,0,0,0,0,0,0,0,0,0,0,0,0,0,0,0,0,0,0,0,0,0,0,0,0,0,0,0,0,0,0,0,0,0,0,0,0,0,0,0.04761905,0,0,0,0,0,0,0,0,0.28571429,0,0,0,0,0,0.2,0,0,0,0,0,0,0,0,0,0
CBD_Insol_15,CBD,0,1,1,0,0,0,0,0,0,0,0,0,0,0,0,0,0,0,0,0,0,0,0.1333333,0,0,0,0,0,0,0,0,0,0,0,0,0,0,0,0,0,0,0,0,0,0.5,0,0,0,0,0,0,0,0,0,0,0,0.2857143,0.2,0,0.4,0,0,0,0,0.5,0.4285714,0,0.3333333,0.5,0,0,0.2,0,0,0.5,0,0,0,0,1,0,1
CBD_Insol_16,CBD,0,1,1,0,0,0,0,0,0,0,0,0,0,0,0,0,0,0,0,0,0,0,0.06666667,0,0,0,0,0,0,0,0,0,0,0,0,0,0,0,0,0,0,0.25,0,0,0,0,0,0,0,0,0,0,0,0,0,0,0.0952381,0.2,0,0,0,0,0,0,0,0.14285714,0,0,0,0,0,0.2,0,0,0,0,0,0,0.33333333,0,0,0
CBD_Insol_17,CBD,0,1,1,0,0,0,0,0,0,0,0,0,0,0,0,0,0,0,0,0,0,0,0.06666667,0,0,0,0,0,0,0,0,0,0,0,0,0,0,0,0,0,0,0,0,0,0,0,0,0,0,0,0,0,0,0,0,0,0.14285714,0,0,0.3,0,0,0,0,0,0.42857143,0,0,0,0,0,0.2,0,0,0,0,0,0,0,0,0,0
CBD_Insol_18,CBD,0,1,1,0,0,0.1428571,0,0,0,0.1428571,0,0,0,0,0,0,0,0,0,0,0,0,0.2,0,0,0,0,0,0,0,0,0,0,0,0,0,0,0,0,0,0,0,0,0,0,0,0,0,0,0,0,0,0,0,0,0,0.2380952,0,0,0.7,0.1428571,0,0,0,0,0.5714286,0,0,0,0,0,0,0,0,0,0,0,0,0,0,0,0
CBD_Insol_19,CBD,0,1,1,0,0,0.4285714,0,0,0,0.1428571,0,0,0,0,0,0,0.5,0.25,0,0,0,0,0.2666667,0,0,0,0,0,0,0,0,0.5,0,0,0,0,0,0,0,0,0,0,0,0,0,0,0,0,0,0,0,0,0,0,0,0,0.2380952,0,0,0.6,0,0,0,0,0.5,0.5714286,0,0,0.5,0,0,0.2,0,0,0,0,0,0,0.1666667,0,1,0
CBD_Insol_20,CBD,0,1,1,0,0,0.4285714,0,0,0,0.1428571,0,0,0,0,0,0,0,0,0,0,0,0,0.2666667,0,0,0,0,0,0,0,0,0,0,0,0,0,0,0,0,0,0,0,0,0,0,0,0,0,0,0,0,0,0,0,0,0,0.1904762,0,0,0.4,0.1428571,0,0,0,0.5,0.5714286,0,0,0,0,0,0.2,0,0,0,0,0,0,0,0,1,0
CBD_Insol_21,CBD,0,1,1,0,0,0.4285714,0,0,0,0.1428571,0,0,0,0,0,0,0.5,0.25,0,0,0,0,0.5333333,0,0,0,0,0,0,0,0,0,0,0,0,0,0,0,0,0,0,0,0,0,0,0,0,0,0,0,0,0,0,0,0,0,0.2380952,0,0,0.7,0,0,0,0,0,0.7142857,0,0,0.5,0,0,0.2,0,0,0,0,0,0,0.1666667,0,1,0
CBD_Insol_22,CBD,0,1,1,0,0,0.4285714,0,0,0,0.1428571,0,0,0,0,0,0,0,0,0,0,0,0,0.1333333,0,0,0,0,0,0,0,0,0,0,0,0,0,0,0,0,0,0,0,0,0,0,0,0,0,0,0,0,0,0,0,0,0,0.3809524,0,0,0.4,0,0,0,0,0,0.5714286,0,0,0,0,0,0.2,0,0,0,0,0,0,0.1666667,0,0,0
CBD_Insol_23,CBD,0,1,1,0,0,0.5714286,0,0,0,0.2857143,0,0,0,0,0,0,0.5,0.25,0,0,0,0,0.4666667,0,0,0,0,0,0,0,0,0.5,0,0,0,0,0.6666667,0,0,0,0,0.25,0,0,0,0,0,0,0,0,0,0,0,0,0,0,0.4761905,0,0,0.4,0,0,0,0,0.5,0.8571429,0,0,0.5,0,0,0.2,0.3333333,0,0,0,0,0,0.1666667,0,0,0
CBD_Insol_24,CBD,0,1,1,0,0,0.14285714,0,0,0,0,0,0,0,0,0,0,0,0,0,0,0,0,0.06666667,0,0,0,0,0,0,0,0,0,0,0,0,0,0,0,0,0,0,0,0,0,0,0,0,0,0,0,0,0,0,0,0,0,0.19047619,0,0,0.4,0.14285714,0,0,0,0.5,0.57142857,0,0,0,0,0,0,0,0,0,0,0,0,0.16666667,0,0,0
CBD_Insol_25,CBD,1,1,1,0,0,0.5714286,0,0,0,0.1428571,0,0,0,0,0,0,0,0,0,0,0.5,0,0.3333333,0,0,0,0,0,0,0,0.2,0,0,0,0,0,0,0,0,0,0,0.25,0,0,0,0,0,0,0,0,0,0,0,0,0,0,0.3333333,0,0,0.9,0.1428571,0,0,0,0.5,0.7142857,0,0,0.5,0,0,0.2,0,0,0.5,0,0,0,0.3333333,1,0,0
CBD_Insol_26,CBD,0,1,1,0,0,0.2857143,0,0,0,0,0,0,0,0,0,0,0,0,0,0,0,0,0.2,0,0,0,0,0,0,0,0,0,0,0,0,0,0,0,0,0,0,0,0,0,0,0,0,0,0,0,0,0,0,0,0,0,0.1904762,0.2,0,0.6,0,0,0,0,0,0.4285714,0,0,0.5,0,0,0.2,0.3333333,0,0,0,0,0,0.1666667,1,0,0
CBD_Insol_27,CBD,0,1,1,0,0,0.5714286,0,0,0,0.1428571,0,0,0,0,0,0,0,0,0,0,0,0,0.3333333,0,0,0,0,0,0,0,0,0,0,0,0,0,0.3333333,0,0,0,0,0,0,0,0.5,0,0,0,0,0,0,0,0,0,0,0,0.3333333,0,0,0.8,0,0,0,0,0,0.7142857,0,0,0.5,0,1,0.2,0,0,0.5,0,0,0,0.1666667,0,1,0
CBD_Insol_28,CBD,0,1,1,0,0,0.5714286,0,0,0,0.1428571,0,0,0,0,0,0,0,0,0,0,0.5,0,0.4666667,0,0,0,0,0,0,0,0.2,0.5,0,0,0,0,0,0,0,0,0,0.25,0,0,0.5,0,0,0,0,0,0,0,0,0,0,0,0.5238095,0,0,1,0,0,0,0,0,0.7142857,0,0,0.5,0,0,0.2,0,0,0,0,0,0,0.1666667,0,0,0
CBD_Insol_29,CBD,1,1,1,0,0,0.5714286,0,0,0,0.2857143,0,0,0,1,0.5,0,0.5,0.25,0,0,0.5,0,0.4666667,0,0,0,0,0,0,0,0,0,0,0,0,0,0.3333333,0,0,0,0,0.25,0,0,0,0,0,0,0,0,0,0,0,0,0,0,0.4285714,0,0,0.9,0.2857143,0,0,0,0.5,0.7142857,0,0,0.5,0,1,0.2,0,0,0,0,0,0,0,0,0,0
CBD_Insol_30,CBD,0,1,1,0,0,0.5714286,0,0,0,0.1428571,0,0,0,0,0,0,0,0,0,0,0,0,0.2666667,0,0,0,0,0,0,0,0.2,0,0,0,0,0,0.3333333,0,0,0,0,0,0,0,0,0,0,0,0,0,0,0,0,0,0,0,0.4285714,0,0,0.8,0,0,0,0,0.5,0.8571429,0,0,0.5,0,0,0.2,0,0,0,0,0,0,0.1666667,0,0,0
CBD_Insol_31,CBD,1,1,1,0,0,0.8571429,0,0,0,0.1428571,0,0,0,0,0,0,0.5,0.25,0,0,0.5,0,0.5333333,0,0,0,0,0,0,0,0.2,0,0,0,0,0,0,0,0,0,0,0.5,0,0,0,0,0,0,0,0,0,0,0,0,0,0,0.5238095,0,0,0.9,0,0,0,0,0.5,0.7142857,0,0.3333333,0.5,0,0,0.2,0,0.1,0,0,0,0,0.1666667,0,1,0
CBD_Insol_32,CBD,0,1,1,0,0,0.5714286,0,0,0,0.1428571,0,0,0,0,0,0,0,0,0,0,0,0,0.6,0,0,0,0,0,0,0,0,0,0,0,0,0,0.3333333,0,0,0,0,0.25,0,0,0,0,0,0,0,0,0,0,0,0,0,0,0.4285714,0,0,0.8,0,0,0,0,0,0.8571429,0,0,0.5,0,0,0.2,0,0.1,0,0,0,0,0.1666667,0,0,0
CBD_Insol_33,CBD,0,1,1,0,0,0.1428571,0,0,0,0,0,0,0,0,0,0,0,0,0,0,0.5,0,0.4,0,0,0,0,0,0,0,0,0.5,0,0,0,0,0.3333333,0,0,0,0,0.5,0,0,1,0,0,0,0,0,0,0,0,0,0,0,0.2857143,0,0,0.3,0,0,0,0,0,0.5714286,0,0.6666667,0.5,0,0,0.2,0.3333333,0,0,0,0,0,0.1666667,0,0,0
CTE_Insol_01,CTE,1,1,1,0,0,0.5714286,0,0,0,0.1428571,0,0,0,0,0,0,0,0,0,0,0,0,0.4666667,0,0,0.5,1,0,0,0,0,0,0,0,0,0,0,0,0,0,0,0.25,0,0,0,0,0,0,0,0,0,0,0,0,0,0,0.4761905,0.2,0,0.5,0.1428571,0,0,0,0,0.8571429,0,0.3333333,0,0,0,0.2,0,0.1,0.5,0,0,0,0.1666667,1,1,0
CTE_Insol_02,CTE,0,1,1,0,0,0.5714286,0,0,0,0.4285714,0,0,0,0,0,0,0.5,0.25,0,0,0,0,0.4,0,0,1,0.5,0,0,0,0,0.5,0,0,0,0,0.3333333,0,0,0,0,0,0,0,0,0,0,0,0,0,0,0,0,0,0,0,0.3333333,0,0,0.6,0,0,0,0,0,0.5714286,0,0,0,0,0,0.2,0,0,0,0,0,0,0.1666667,0,1,0
CTE_Insol_03,CTE,1,1,1,1,0,1,0,0,0,0.4285714,0,0,0,0,0,0,0.5,0.25,0,0,0,0,0.6666667,0,0,0,0,0,0,0,0,0.5,0,0,0,0,1,1,0,0,0,0.5,0,0,0.5,0,0,0,0,0,0.1666667,0,0,0,0,0.6666667,0.6190476,0.2,0,1,0.1428571,0,0,0,0,0.8571429,0,0,0,0,1,0.2,0.3333333,0.1,0.5,0,0,0,0.3333333,1,1,0
CTE_Insol_04,CTE,1,1,1,0,0,0.1428571,0,0,0,0,0,0,0,0,0,0,0,0,0,0,0,0,0.2,0,0,0,0,0,0,0,0,0,0,0,0,0,0,0,0,0,0,0.25,0,0,0,0,0,0,0,0,0,0,0,0,0,0,0.3809524,0,0,0.3,0,0,0,0,0.5,0.5714286,0,0.3333333,0,0,0,0.2,0,0,0,0,0,0,0.1666667,0,1,0
CTE_Insol_05,CTE,1,1,1,0,0,0.4285714,0,0,0,0,0,0,0,0,0,0,0,0,0,0,0.5,0,0.4666667,0,0,0,0,0,0,0,0,0,0,0,0,0,0.3333333,0,0,0,0,0.5,0,0,0,0,0,0,0,0,0,0,0,0,0,0,0.5714286,0.2,0,0.7,0,0,0,0,0.5,0.8571429,0,0.6666667,0,0,0,0.2,0,0.1,0.5,0,0,0,0.3333333,1,1,0
CTE_Insol_06,CTE,1,1,1,0,0,0,0,0,0,0,0,0,0,0,0,0,0,0,0,0,0,0,0.2,0,0,0,0.5,0,0,0,0,0,0,0,0,0,0,0,0,0,0,0,0,0,0,0,0,0,0,0,0,0,0,0,0,0,0.2857143,0,0,0.1,0,0,0,0,0.5,0.1428571,0,0,0,0,0,0.2,0,0,0,0,0,0,0.1666667,0,1,0
CTE_Insol_07,CTE,1,1,1,1,0,1,0,0,0,0.5714286,0,0,0,0,0,0,0.5,0.25,0,0,0.5,0,0.6,1,0.5,0,0,0,0,0,0,0.5,0,0,0,0,0.6666667,0,0,0,0,0.5,0,0,0.5,0,0,0,0,0,0.1666667,0,0,0,0,0.6666667,0.5238095,0.4,0,1,0.4285714,0,0,0,0.5,0.7142857,0,0.3333333,0,0,1,0.2,0.3333333,0.3,0.5,0,0,0,0.1666667,0,1,0
CTE_Insol_08,CTE,0,1,1,0,0,0.4285714,0,0,0,0.2857143,0,0,0,0,0,0,0.5,0.25,0,0,0.5,0,0.4,0,0,0,0,0,0,0,0,0,0,0,0,0,0,0,0,0,0,0,0,0,0,0,0,0,0,0,0,0,0,0,0,0,0.4761905,0.2,0,0.7,0,0,0,0,0.5,1,0,0,0,0,0,0.2,0,0,0,0,0,0,0.1666667,0,0,0
CTE_Insol_09,CTE,0,1,1,0,0,0,0,0,0,0,0,0,0,0,0,0,0,0,0,0,0,0,0.06666667,0,0,0,0,0,0,0,0,0,0,0,0,0,0,0,0,0,0,0.5,0,0,0,0,0,0,0,0,0,0,0,0,0,0,0.38095238,0,0,0.4,0,0,0,0,0,0.57142857,0,0.33333333,0,0,0,0.2,0,0,0,0,0,0,0.16666667,0,1,0
CTE_Insol_10,CTE,0,1,1,0,0,0.14285714,0,0,0,0,0,0,0,0,0,0,0,0,0,0,0,0,0.06666667,0,0,0,0,0,0,0,0,0,0,0,0,0,0.33333333,0,0,0,0,0.75,0,0,0.5,0,0,0,0,0,0,0,0,0,0,0,0.38095238,0,0,0.2,0,0,0,0,0.5,0.57142857,0,0,0,0,0,0.2,0,0,0,0,0,0,0.16666667,0,0,0
CTE_Insol_11,CTE,0,1,1,0,0,0.14285714,0,0,0,0,0,0,0,0,0,0,0,0,0,0,0,0,0.06666667,0,0,0,0,0,0,0,0,0.5,0,0,0,0,0,0,0,0,0,0,0,0,0,0,0,0,0,0,0,0,0,0,0,0,0.19047619,0,0,0,0,0,0,0,0,0.14285714,0,0,0,0,0,0,0,0,0,0,0,0,0,0,0,0
CTE_Insol_12,CTE,1,1,1,1,0,1,0,0,0,0.2857143,0,0,1,0,0,0,0.5,0.25,0,0,0.5,0,0.9333333,0,0.5,0,0.5,0,0,0,0,0.5,0,0,0,0,0.6666667,0,0,0,0,0.75,0,0,0,0,0,0,0,0,0.3333333,0,0,0,0,0.6666667,0.7619048,0.4,0,1,0.2857143,0,0,0,0,1,0,0,0,0,0,0.2,0.3333333,0.1,0.5,0,0,1,0.3333333,0,1,0
CTE_Insol_13,CTE,0,1,1,0,0,0.5714286,0,0,0,1,0,0,0,0,0.5,0,0,0,0,0,0.5,0,0.7333333,0,0,0,0.5,0,0,0,0.4,0.5,0,0,0,0,1,0,0,0,0,0.5,0,0,0.5,0,0,0,0,0,0,0,0,0,0,0,0.6666667,0.2,0,1,0,0,0,0,0.5,1,0,0,0,0,1,0.2,0.3333333,0.1,0.5,0,0,0,0.5,1,0,0
CTE_Insol_14,CTE,0,1,1,0,0,0,0,0,0,0,0,0,0,0,0,0,0,0,0,0,0,0,0.06666667,0,0,0,0,0,0,0,0,0,0,0,0,0,0.33333333,0,0,0,0,0.5,0,0,0,0,0,0,0,0,0,0,0,0,0,0,0.0952381,0,0,0.1,0,0,0,0,0,0.28571429,0,0,0,0,0,0.2,0,0,0,0,0,0,0.16666667,0,1,0
CTE_Insol_15,CTE,1,1,1,1,0,0.7142857,0,0,0,0.1428571,0,0,0,0,0,0,0,0,0,0,0.5,0,0.3333333,0,0,0,0,0,0,0,0,0,0,0,0,0,0.3333333,0,0,0,0,0.25,0,0,0,0,0,0,0,0,0,0,0,0,0,0,0.5238095,0.4,0,0.6,0.1428571,0,0,0,0.5,0.8571429,0,0.3333333,0,0,0,0.2,0,0.1,0.5,0,0,0,0.3333333,1,1,0
CTE_Insol_16,CTE,1,1,1,1,0,0.1428571,0,0,0,0.5714286,0,0,1,0,0.5,0,0,0,0,0,0,0,0.6666667,0,0.5,0,0,0,0,0,0,0.5,0,0,0,1,1,1,0,0,0,0.75,0,0,1,0,0,0,0,0,0,0,0,0,0,0.3333333,0.6190476,0.4,0,0.7,0,0,0,0,0.5,0.8571429,0,0.3333333,0,0,1,0.2,0,0.2,1,0,0,0,0.6666667,1,1,0
CTE_Insol_17,CTE,1,1,1,1,0,1,0,0,0,0.4285714,0,0,0,0,0,0,0.5,0.25,0,0,0.5,0,0.6666667,1,0.5,0,0,0,0,0,0,0.5,0,0.3333333,0,0,0.6666667,0,0,0,0,0.5,0,0,0,0,0,0,0,0,0,0,0,0,0,0,0.6190476,0,0,0.9,0.1428571,0,0,0,0,1,0,0.3333333,0,0,1,0.2,0,0.1,0,0,0,0,0.3333333,0,1,0
CTE_Insol_18,CTE,0,1,1,1,0,1,0,0,0,0.5714286,0,1,0,0,0,0,0.5,0.25,0,0,0.5,0,0.8,0,0,0.5,1,0,0,0,0.2,0.5,0,0,1,0,0.6666667,0,0,0,0,0.5,0,0,0.5,0,0,0,0,0,0,0,0,0,0,0,0.6190476,0,0,0.9,0,0,0,0,1,0.8571429,0,0.6666667,0,0,0,0.2,0.3333333,0.1,0.5,0,0,0,0.3333333,0,1,0
CTE_Insol_19,CTE,0,1,1,1,0,0,0,0,0,0.1428571,0,0,0,0,0,0,0,0,0,0,0.5,0,0.4,0,0,0,0,0,0,0,0,0,0,0.3333333,0,0,0.3333333,0,0,0,0,0.75,0,0,0,0,0,0,0,0,0,0,0,0,0,0,0.5714286,0.2,0,0.5,0.1428571,0,0,0,0,0.8571429,0,0.3333333,0,0,1,0.2,0,0,0,0,0,0,0.3333333,0,1,0
CTE_Insol_20,CTE,0,1,1,0,0,0.1428571,0,0,0,0,0,0,0,0,0,0,0,0,0,0,0,0,0.1333333,0,0,0,0.5,0,0,0,0,0,0,0,0,0,0,0,0,0,0,0.5,0,0,0,0,0,0,0,0,0,0,0,0,0,0,0.3809524,0,0,0.2,0,0,0,0,0,0.4285714,0,0,0,0,0,0.2,0,0,0,0,0,0,0.1666667,0,0,0
CTE_Insol_21,CTE,1,1,1,0,0,0.5714286,0,0,0,0.4285714,0,0,0,0,0,0,0,0,0,0,0.5,0,0.6666667,1,0.5,0,0.5,0,0,0,0,0.5,0,0,0,0,0.3333333,0,0,0,0,0.5,0,0,0.5,0,0,0,0,0,0.1666667,0,0,0,0,0,0.5714286,0.4,0,1,0.4285714,0,0,0,0.5,0.8571429,0,0.3333333,0,0,0,0.2,0.3333333,0.1,0.5,0,0,0,0.3333333,1,0,0
CTE_Insol_22,CTE,1,1,1,1,0,1,0,0,0,0.2857143,0,0,0,0,0,0,0.5,0.25,0,0,0.5,0,0.8,0,0,0,0.5,0,0,0,0,0.5,0,0,0,1,0.6666667,0,0,0,0,0.5,0,0,0.5,0,0,0,0,0,0.1666667,0,0,0,0,1,0.5714286,0.6,0,0.9,0.4285714,0,0,0,0.5,1,0,0.3333333,0,0,1,0.2,0.3333333,0.1,0.5,0,0,0,0.1666667,0,1,0
CTE_Insol_23,CTE,0,1,1,0,0,0.14285714,0,0,0,0,0,0,0,0,0,0,0,0,0,0,0,0,0.06666667,0,0,0,0,0,0,0,0,0,0,0,0,0,0,0,0,0,0,0.25,0,0,0,0,0,0,0,0,0,0,0,0,0,0,0.0952381,0,0,0,0,0,0,0,0,0.14285714,0,0,0,0,0,0.2,0,0,0,0,0,0,0.16666667,1,1,0
CTE_Insol_24,CTE,0,1,1,0,0,0.1428571,0,0,0,0,0,0,0,0,0,0,0,0,0,0,0.5,0,0.2,0,0,0,0,0,0,0,0,0,0,0,0,0,0,0,0,0,0,0.5,0,0,0,0,0,0,0,0,0,0,0,0,0,0,0.4761905,0.2,0,0.4,0,0,0,0,0,0.5714286,0,0,0,0,0,0.2,0,0,0,0,0,0,0.1666667,0,1,0
CTRL_Insol_01,CTRL,0,1,1,0,0,0,0,0,0,0,0,0,0,0,0,0,0,0,0,0,0,0,0.06666667,0,0,0,0,0,0,0,0,0,0,0,0,0,0,0,0,0,0,0,0,0,0,0,0,0,0,0,0,0,0,0,0,0,0.04761905,0,0,0.1,0,0,0,0,0,0.14285714,0,0,0,0,0,0,0,0,0,0,0,0,0,0,0,0
CTRL_Insol_02,CTRL,0,1,1,0,0,0,0,0,0,0,0,0,0,0,0,0,0,0,0,0,0,0,0.06666667,0,0,0,0,0,0,0,0,0,0,0,0,0,0,0,0,0,0,0,0,0,0,0,0,0,0,0,0,0,0,0,0,0,0.14285714,0,0,0.3,0,0,0,0,0,0.14285714,0,0,0,0,0,0.2,0,0,0,0,0,0,0.16666667,0,1,0
CTRL_Insol_03,CTRL,0,1,1,0,0,0.2857143,0,0,0,0,0,0,0,0,0,0,0,0,0,0,0,0,0.1333333,0,0,0,0,0,0,0,0,0,0,0,0,0,0,0,0,0,0,0,0,0,0,0,0,0,0,0,0,0,0,0,0,0,0.2857143,0,0,0.5,0,0,0,0,0,0.5714286,0,0,0,0,0,0.2,0,0,0,0,0,0,0.1666667,0,1,0
CTRL_Insol_04,CTRL,0,1,1,0,0,0,0,0,0,0,0,0,0,0,0,0,0,0,0,0,0,0,0.06666667,0,0,0,0,0,0,0,0,0,0,0,0,0,0,0,0,0,0,0,0,0,0,0,0,0,0,0,0,0,0,0,0,0,0.0952381,0,0,0.2,0,0,0,0,0,0.14285714,0,0,0,0,0,0,0,0,0,0,0,0,0.16666667,0,0,0
CTRL_Insol_05,CTRL,0,1,1,0,0,0,0,0,0,0,0,0,0,0,0,0,0,0,0,0,0,0,0.06666667,0,0,0,0,0,0,0,0,0,0,0,0,0,0,0,0,0,0,0,0,0,0,0,0,0,0,0,0,0,0,0,0,0,0.0952381,0,0,0.2,0,0,0,0,0,0.14285714,0,0,0,0,0,0.2,0,0,0,0,0,0,0.16666667,0,1,0
CTRL_Insol_06,CTRL,0,1,1,0,0,0,0,0,0,0,0,0,0,0,0,0,0,0,0,0,0,0,0,0,0,0,0,0,0,0,0,0,0,0,0,0,0,0,0,0,0,0,0,0,0,0,0,0,0,0,0,0,0,0,0,0,0.0952381,0,0,0.3,0,0,0,0,0,0.2857143,0,0,0,0,0,0.2,0,0,0,0,0,0,0.1666667,1,1,0
CTRL_Insol_07,CTRL,0,1,1,0,0,0,0,0,0,0,0,0,0,0,0,0,0,0,0,0,0,0,0,0,0,0,0,0,0,0,0,0,0,0,0,0,0,0,0,0,0,0,0,0,0,0,0,0,0,0,0,0,0,0,0,0,0.0952381,0.2,0,0.2,0,0,0,0,0,0.2857143,0,0,0,0,0,0.2,0,0,0,0,0,0,0.1666667,0,0,0
CTRL_Insol_08,CTRL,0,1,1,0,0,0,0,0,0,0,0,0,0,0,0,0,0,0,0,0,0,0,0.06666667,0,0,0,0,0,0,0,0,0,0,0,0,0,0,0,0,0,0,0,0,0,0,0,0,0,0,0,0,0,0,0,0,0,0.0952381,0.4,0,0.3,0,0,0,0,0,0.14285714,0,0,0,0,0,0,0,0,0.5,0,0,0,0.33333333,0,0,0
CTRL_Insol_09,CTRL,0,1,1,0,0,0,0,0,0,0,0,0,0,0,0,0,0,0,0,0,0.5,0,0,0,0,0,0,0,0,0,0,0,0,0,0,0,0,0,0,0,0,0,0,0,0,0,0,0,0,0,0,0,0,0,0,0,0.0952381,0,0,0.4,0,0,0,0,0,0.1428571,0,0,0,0,0,0.2,0,0,0,0,0,0,0,0,1,0
CTRL_Insol_10,CTRL,0,1,1,0,0,0,0,0,0,0,0,0,0,0,0,0,0,0,0,0,0,0,0.06666667,0,0,0,0,0,0,0,0,0,0,0,0,0,0,0,0,0,0,0,0,0,0,0,0,0,0,0,0,0,0,0,0,0,0.0952381,0,0,0.4,0,0,0,0,0,0.28571429,0,0,0,0,0,0,0,0,0,0,0,0,0.16666667,0,0,0
CTRL_Insol_11,CTRL,0,1,1,0,0,0,0,0,0,0,0,0,0,0,0,0,0,0,0,0,0.5,0,0.06666667,0,0,0,0,0,0,0,0,0,0,0,0,0,0,0,0,0,0,0,0,0,0,0,0,0,0,0,0,0,0,0,0,0,0.0952381,0.2,0,0.2,0,0,0,0,0,0.14285714,0,0,0,0,0,0.2,0,0,0.5,0,0,0,0.16666667,0,1,0
CTRL_Insol_12,CTRL,0,1,1,0,0,0,0,0,0,0,0,0,0,0,0,0,0,0,0,0,0,0,0.06666667,0,0,0,0,0,0,0,0,0,0,0,0,0,0,0,0,0,0,0,0,0,0,0,0,0,0,0,0,0,0,0,0,0,0.14285714,0.2,0,0.1,0,0,0,0,0,0.14285714,0,0,0,0,0,0,0,0,0,0,0,0,0.16666667,1,0,0
CTRL_Insol_13,CTRL,0,1,1,0,0,0,0,0,0,0,0,0,0,0,0,0,0,0,0,0,0,0,0.06666667,0,0,0,0,0,0,0,0,0,0,0,0,0,0,0,0,0,0,0,0,0,0,0,0,0,0,0,0,0,0,0,0,0,0.04761905,0.2,0,0.2,0,0,0,0,0,0.14285714,0,0,0,0,0,0,0,0,0,0,0,0,0.16666667,0,0,0
CTRL_Insol_14,CTRL,0,1,1,0,0,0,0,0,0,0,0,0,0,0,0,0,0,0,0,0,0,0,0.2,0,0,0,0,0,0,0,0,0,0,0,0,0,0,0,0,0,0,0,0,0,0,0,0,0,0,0,0,0,0,0,0,0,0.0952381,0,0,0.4,0,0,0,0,0,0.1428571,0,0,0,0,0,0.2,0,0,0,0,0,0,0.1666667,0,0,0
CTRL_Insol_15,CTRL,0,1,1,0,0,0,0,0,0,0,0,0,0,0,0,0,0,0,0,0,0,0,0,0,0,0,0,0,0,0,0,0,0,0,0,0,0,0,0,0,0,0,0,0,0,0,0,0,0,0,0,0,0,0,0,0,0.04761905,0,0,0,0,0,0,0,0,0.14285714,0,0,0,0,0,0.2,0,0,0,0,0,0,0,0,0,0
CTRL_Insol_16,CTRL,0,1,1,0,0,0,0,0,0,0,0,0,0,0,0,0,0,0,0,0,0,0,0,0,0,0,0,0,0,0,0,0,0,0,0,0,0,0,0,0,0,0,0,0,0,0,0,0,0,0,0,0,0,0,0,0,0.0952381,0,0,0,0,0,0,0,0,0.1428571,0,0,0,0,0,0,0,0,0,0,0,1,0,0,1,0
CTRL_Insol_17,CTRL,0,1,1,0,0,0,0,0,0,0,0,0,0,0,0,0,0,0,0,0,0,0,0,0,0,0,0,0,0,0,0,0,0,0,0,0,0,0,0,0,0,0,0,0,0,0,0,0,0,0,0,0,0,0,0,0,0.04761905,0,0,0,0,0,0,0,0,0.14285714,0,0,0,0,0,0,0,0,0,0,0,0,0,0,0,0
CTRL_Insol_18,CTRL,0,1,1,0,0,0,0,0,0,0,0,0,0,0,0,0,0,0,0,0,0,0,0,0,0,0,0,0,0,0,0,0,0,0,0,0,0,0,0,0,0,0,0,0,0,0,0,0,0,0,0,0,0,0,0,0,0.0952381,0,0,0.1,0,0,0,0,0,0.1428571,0,0,0,0,0,0.2,0,0,0,0,0,0,0,0,0,0
CTRL_Insol_19,CTRL,0,1,1,1,0,0,0,0,0,0,0,0,0,0,0,0,0,0,0,0,0,0,0,0,0,0,0,0,0,0,0,0,0,0,0,0,0,0,0,0,0,0,0,0,0,0,0,0,0,0,0,0,0,0,0,0,0.0952381,0,0,0.4,0,0,0,0,0,0.2857143,0,0,0,0,0,0,0,0,0,0,0,0,0,0,1,0
CTRL_Insol_20,CTRL,0,1,1,1,0,0,0,0,0,0,0,0,0,0,0,0,0,0,0,0,0,0,0,0,0,0,0,0,0,0,0,0,0,0,0,0,0,0,0,0,0,0,0,0,0,0,0,0,0,0,0,0,0,0,0,0,0.0952381,0,0,0.2,0,0,0,0,0,0.1428571,0,0,0,0,0,0,0,0,0,0,0,0,0,0,1,0
CTRL_Insol_21,CTRL,0,1,1,0,0,0,0,0,0,0.14285714,0,0,0,0,0,0,0,0,0,0,0,0,0.06666667,0,0,0,0,0,0,0,0,0,0,0,0,0,0,0,0,0,0,0,0,0,0,0,0,0,0,0,0,0,0,0,0,0,0.19047619,0.2,0,0.4,0,0,0,0,0,0.57142857,0,0,0.5,0,0,0.2,0,0,0,0,0,0,0.16666667,1,0,0
CTRL_Insol_22,CTRL,0,1,1,0,0,0.1428571,0,0,0,0,0,0,0,0,0,0,0,0,0,0,0,0,0.1333333,0,0,0,0,0,0,0,0,0,0,0,0,0,0,0,0,0,0,0,0,0,0,0,0,0,0,0,0,0,0,0,0,0,0.2380952,0.2,0,0.4,0,0,0,0,0,0.2857143,0,0,0,0,0,0.2,0,0,0.5,0,0,0,0,1,0,0
CTRL_Insol_23,CTRL,0,1,1,0,0,0,0,0,0,0,0,0,0,0,0,0,0,0,0,0,0,0,0.06666667,0,0,0,0,0,0,0,0,0,0,0,0,0,0,0,0,0,0,0,0,0,0,0,0,0,0,0,0,0,0,0,0,0,0.23809524,0,0,0.3,0,0,0,0,0,0.28571429,0,0,0,0,0,0.2,0,0,0,0,0,0,0.16666667,0,1,0
CTRL_Insol_24,CTRL,0,1,1,0,0,0,0,0,0,0,0,0,0,0,0,0,0,0,0,0,0.5,0,0.06666667,0,0,0,0,0,0,0,0,0,0,0,0,0,0,0,0,0,0,0,0,0,0,0,0,0,0,0,0,0,0,0,0,0,0.19047619,0.2,0,0.3,0,0,0,0,0,0.14285714,0,0,0,0,0,0.2,0,0,0,0,0,0,0.16666667,1,1,0
DLB_Insol_01,DLB,0,1,1,0,0.33333333,0,0.5,0,0,0,0,0,0,0,0,0,0,0,0,0,0,0,0.06666667,0,0,0,0,0,0,0,0,0,0,0,0,0,0,0,0,0,0,0,0,0,0,0,0,0,0,0,0,0,0,0,0,0,0.04761905,0,0,0.4,0,0,0,0,0,0.14285714,0,0,0,0,0,0.2,0,0,0,0,0,0,0.16666667,1,1,0
DLB_Insol_02,DLB,0,1,1,0,0,0,0,0,0,0,0,0,0,0,0,0,0,0,0,0,0,0,0.06666667,0,0,0,0,0,0,0,0,0,0,0,0,0,0,0,0,0,0,0,0,0,0,0,0,0,0,0,0,0,0,0,0,0,0.0952381,0,0,0.3,0,0,0,0,0,0.14285714,0,0,0,0,0,0,0,0,0,0,0,0,0.16666667,0,0,0
DLB_Insol_03,DLB,0,1,1,0,0,0,0,0,0,0,0,0,0,0,0,0,0,0,0,0,0.5,0,0.06666667,0,0,0,0,0,0,0,0,0,0,0,0,0,0,0,0,0,0,0,0,0,0,0,0,0,0,0,0,0,0,0,0,0,0.19047619,0.2,0,0.2,0,0,0,0,0,0.14285714,0,0,0,0,0,0.2,0,0,0,0,0,0,0.16666667,0,1,0
DLB_Insol_04,DLB,0,1,1,0,0,0,0,0,0,0,0,0,0,0,0,0,0,0,0,0,0,0,0,0,0,0,0,0,0,0,0,0,0,0,0,0,0,0,0,0,0,0,0,0,0,0,0,0,0,0,0,0,0,0,0,0,0.0952381,0.2,0,0.1,0,0,0,0,0,0.1428571,0,0,0,0,0,0,0,0,0,0,0,0,0.1666667,0,0,0
DLB_Insol_05,DLB,0,1,1,0,0,0,0,0,0,0,0,0,0,0,0,0,0,0,0,0,0,0,0.06666667,0,0,0,0,0,0,0,0,0,0,0,0,0,0,0,0,0,0,0,0,0,0,0,0,0,0,0,0,0,0,0,0,0,0.14285714,0,0,0.3,0,0,0,0,0,0.28571429,0,0,0,0,0,0,0,0,0,0,0,0,0.16666667,0,0,0
DLB_Insol_06,DLB,0,1,1,0,0,0,0,0,0,0,0,0,0,0,0,0,0,0,0,0,0,0,0.06666667,0,0,0,0,0,0,0,0,0,0,0,0,0,0,0,0,0,0,0,0,0,0,0,0,0,0,0,0,0,0,0,0,0,0.19047619,0,0,0.4,0,0,0,0,0.5,0.14285714,0,0,0,0,0,0,0,0,0,0,0,0,0,0,0,0
DLB_Insol_07,DLB,0,1,1,0,0,0,0,0,0,0,0,0,0,0,0,0,0,0,0,0,0,0,0.06666667,0,0,0,0,0,0,0,0,0,0,0,0,0,0,0,0,0,0,0,0,0,0,0,0,0,0,0,0,0,0,0,0,0,0.19047619,0,0,0.4,0,0,0,0,0,0.42857143,0,0,0,0,0,0,0,0,0,0,0,0,0.16666667,0,0,0
DLB_Insol_08,DLB,1,1,1,1,0.3333333,0.8571429,0,0,0,0.1428571,0,0,0,1,0.5,0,0.5,0.25,0,0,0.5,0,0.8,0,0,0,0,0,0,0,0.2,0.5,0,0,0,1,1,0,0,0,0,0.25,0,0,0.5,0,0,0,0,0,0.1666667,0,0,0,0,0.3333333,0.5238095,0.4,0.2,1,0.1428571,0,0,0,0.5,1,0,0,0,0,1,0.2,0.3333333,0.1,0.5,0,0,1,0.5,0,0,0
DLB_Insol_09,DLB,0,1,1,0,0,0,0,0,0,0,0,0,0,0,0,0,0,0,0,0,0,0,0.06666667,0,0,0,0,0,0,0,0,0,0,0,0,0,0,0,0,0,0,0,0,0,0,0,0,0,0,0,0,0,0,0,0,0,0.0952381,0,0,0.3,0,0,0,0,0,0.14285714,0,0,0,0,0,0,0,0,0,0,0,0,0.16666667,0,0,0
DLB_Insol_10,DLB,0,1,1,0,0,0,0,0,0,0,0,0,0,0,0,0,0,0,0,0,0.5,0,0.06666667,0,0,0,0,0,0,0,0,0,0,0,0,0,0,0,0,0,0,0,0,0,0,0,0,0,0,0,0,0,0,0,0,0,0.28571429,0.2,0,0.4,0,0,0,0,0,0.42857143,0,0,0,0,0,0.2,0,0,0,0,0,0,0.33333333,1,0,0
DLB_Insol_11,DLB,0,1,1,0,0,0,0,0,0,0,0,0,0,0,0,0,0,0,0,0,0,0,0.06666667,0,0,0,0,0,0,0,0,0,0,0,0,0,0,0,0,0,0,0,0,0,0,0,0,0,0,0,0,0,0,0,0,0,0.04761905,0,0,0.2,0,0,0,0,0,0.14285714,0,0,0,0,0,0,0,0,0,0,0,0,0.16666667,0,0,0
DLB_Insol_12,DLB,0,1,1,0,0,0,0,0,0,0,0,0,0,0,0,0,0,0,0,0,0,0,0.06666667,0,0,0,0,0,0,0,0,0,0,0,0,0,0,0,0,0,0,0,0,0,0,0,0,0,0,0,0,0,0,0,0,0,0.0952381,0,0,0.2,0,0,0,0,0,0.14285714,0,0,0,0,0,0,0,0,0,0,0,0,0.16666667,0,0,0
DLB_Insol_13,DLB,0,1,1,1,0,0.7142857,0,0,0,0.1428571,0,0,0,0,0,0,0.5,0.25,0,0,1,0,0.8,0,0,0,0,0,0,0,0.2,0.5,0,0,0,1,0,0,0,0,0,0.25,0,0,0.5,0,0,0,0,0,0.3333333,0,0,0,0,0.6666667,0.5238095,0.2,0,1,0,0,0,0,0.5,1,0,0,0,0,1,0.2,0.3333333,0.2,1,0,0,0,0.3333333,0,1,0
DLB_Insol_14,DLB,0,1,1,0,0,0,0,0,0,0,0,0,0,0,0,0,0,0,0,0,0,0,0.06666667,0,0,0,0,0,0,0,0,0,0,0,0,0,0,0,0,0,0,0,0,0,0,0,0,0,0,0,0,0,0,0,0,0,0.04761905,0,0,0.3,0,0,0,0,0,0.14285714,0,0,0,0,0,0,0,0,0,0,0,0,0.16666667,0,0,0
fAD_Insol_26,fAD,1,1,1,1,0,1,0,0,0,0.4285714,0,0,0,0,0,0,0.5,0.5,0,0,0.5,0,0.8,1,0.5,0.5,0.5,0,0,0,0.4,0.5,1,0,0,1,1,1,0,1,0,0.75,0,0,1,0,0,0,0,0,0.6666667,1,0,0,0,0.6666667,0.8095238,0.6,0.6,1,0.5714286,0,0.5,0,0.5,1,0,0.3333333,0.5,0,1,0.8,0.6666667,0.9,1,1,0,1,1,1,1,0
fAD_Insol_27,fAD,1,1,1,1,0,1,0,0,0,0.8571429,0,0,0,0,0,1,0.5,0.5,0,0,1,0,0.9333333,1,1,0.5,0.5,0,0,0,0.4,0.5,0,0,0,1,0.6666667,0,0,1,0,0.75,0,1,1,0,0,0,0,1,0.3333333,0.5,0,0,0,1,0.7142857,0.6,0,1,0.2857143,0,0,0,0.5,1,0,0.3333333,0.5,0,1,0.2,0.3333333,0.5,1,0,0,1,0.6666667,0,1,0
fAD_Insol_28,fAD,0,1,1,1,0,0.5714286,0,0,0,0.2857143,0,0,0,0,0,0,0,0,0,0,0.5,0,0.6,0,0,0,0,0,0,0,0,0.5,1,0.3333333,0,0,1,1,0,0,0,0.5,0,0,0.5,0,0,0,0,0,0.1666667,0,0,0,0,0,0.8095238,0,0,0.8,0.1428571,0,0,1,0.5,1,0,0.3333333,0,0,1,0.4,0.3333333,1,1,0,1,0,0.8333333,1,0,0
fAD_Insol_29,fAD,0,1,1,1,0,0.7142857,0,0,0,0.5714286,0,0,0,0,0,0,0,0,0,0,1,0,0.8666667,0,0,0,0.5,0,0,0,0.4,0.5,0,0,0,0,0.6666667,1,0,0,0,0.5,0,0,0.5,0,0,0,0,0,0.1666667,1,0,0,0,0.6666667,0.6666667,0.8,0.2,1,0.4285714,0.5,0,0,0.5,1,1,0.3333333,0,0,1,0.6,0.3333333,0.7,1,0,0,0,0.6666667,1,0,0
FTLDTau_Insol_01,AD,0,1,1,0,0,0.4285714,0,0,0,0,0,0,0,0,0,0,0,0,0,0,0,0,0.1333333,0,0,0,0,0,0,0,0,0,0,0,0,0,0,0,0,0,0,0.25,0,0,0,0,0,0,0,0,0,0,0,0,0,0,0.5238095,0.2,0,0.8,0,0,0,0,0.5,0.8571429,0,0,0,0,0,0,0,0,0,0,0,0,0,0,0,0
FTLDTau_Insol_02,CBD,0,1,1,0,0,0.4285714,0,0,0,0,0,0,0,0,0,0,0.5,0.25,0,0,0.5,0,0.1333333,0,0,0,0,0,0,0,0,0,0,0,0,0,0,0,0,0,0,0.25,0,0,0,0,0,0,0,0,0,0,0,0,0,0,0.3333333,0.4,0,0.7,0,0,0,0,0,0.7142857,0,0.3333333,0.5,0,0,0,0,0,0,0,0,0,0.3333333,0,0,0
FTLDTau_Insol_03,PSP,0,1,1,0,0,0.4285714,0,0,0,0,0,0,0,0,0,0,0,0,0,0,0,0,0.2666667,0,0,0,0,0,0,0,0,0.5,0,0,0,0,0,0,0,0,0,0,0,0,0,0,0,0,0,0,0,0,0,0,0,0,0.2380952,0,0,0.4,0,0,0,0,0,0.2857143,0,0,0,0,0,0.2,0,0,0,0,0,0,0.1666667,0,0,0
NPCAD_Insol_01,AD,0,1,1,0,0,0.1428571,0,0,0,0,0,0,0,0,0,0,0,0,0,0,0,0,0.1333333,0,0,0,0,0,0,0,0,0,0,0,0,0,0.3333333,0,0,0,0,0.75,0,0,0,0,0,0,0,0,0,0,0,0,0,0,0.4761905,0.2,0,0.7,0,0,0,0,0.5,0.5714286,0,0,0,0,0,0,0.3333333,0,0.5,0,0,0,0.1666667,0,1,0
NPCAD_Insol_02,AD,1,1,1,1,0,1,0,1,0,0.5714286,0,0,0,0,0,0,0.5,0.5,0,0,0.5,0,0.8,1,0.5,0,0,0,0,0,0.4,0.5,1,0.3333333,0,1,0.6666667,0,0,0,0,1,0,0,1,0,0,0,0,0,0.1666667,0.5,0,0,0,1,0.8095238,0.4,0,1,0.5714286,0,0,0,0.5,1,0,0,0,0,1,0.4,0,0.3,1,1,0,1,0.5,1,1,0
NPCAD_Insol_03,AD,1,1,1,1,0,1,0,1,0,0.5714286,0,0,0,0,0,0,0.5,0.25,0,0,0.5,0,0.7333333,1,0.5,0,0,0,0,0,0.2,0.5,0,0,0,0,0.3333333,0,0,0,0,0.5,0,0,0.5,0,0,0,0,0,0,0,0,0,0,0.6666667,0.5714286,0,0,0.9,0.4285714,0,0,0,0.5,0.7142857,0,0,0,0,0,0.2,0.3333333,0.2,1,0,0,0,0.3333333,1,1,0
NPCAD_Insol_04,AD,1,1,1,1,0,1,0,1,0,0.5714286,0,0,0,0,0,0,0.5,0.5,0,0,1,0,0.8666667,1,1,0,0,0,0,0,0.4,0.5,0,0.3333333,0,0,0.6666667,0,0,0,0,0.75,0,0,0.5,0,0,0,0,0,0.3333333,0,0,0,0,0.6666667,0.7142857,0.2,0,1,0.2857143,0,0,0,1,1,0,0.3333333,0,0,1,0.2,0,0.1,1,0,0,0,0.3333333,0,1,0
NPCAD_Insol_05,AD,1,1,1,0,0,0.4285714,0,0,0,0.1428571,0,0,0,0,0,0,0,0,0,0,0.5,0,0.2666667,0,0,0,0,0,0,0,0,0.5,0,0,0,0,0.3333333,0,0,0,0,0.25,0,0,0,0,0,0,0,0,0,0,0,0,0,0,0.4761905,0,0,0.8,0.1428571,0,0,0,0.5,0.8571429,0,0,0,0,0,0.2,0.3333333,0,0,0,0,0,0.3333333,0,1,0
NPCAD_Insol_06,AD,1,1,1,1,0,1,0,1,0,0.2857143,0,0,0,0,0,0,0.5,0.25,0,0,0,0,0.7333333,1,0.5,0,0,0,0,0,0.4,0.5,1,1,0,1,1,0,0,1,1,0.75,0,0,1,1,0,0,0,0,0.1666667,0,1,0,0.5,0.3333333,0.8095238,0.6,0,1,0.2857143,0,0,0,0.5,1,0,0.3333333,0.5,0,1,0.4,0.3333333,0.3,1,0,1,0,0.6666667,1,1,0
NPCAD_Insol_07,AD,1,1,1,1,0,0.8571429,0,0,0,0.2857143,0,0,0,0,0,0,0,0,0,0,0.5,0,0.5333333,0,0,0,0,0,0,0,0,0,0,0,0,0,0.3333333,0,0,0,0,0.25,0,0,0,0,0,0,0,0,0.1666667,0.5,0,0,0,0.3333333,0.5238095,0.4,0,1,0.1428571,0,0,0,0,0.8571429,0,0,0.5,0,1,0.2,0.3333333,0,0.5,0,0,0,0.3333333,1,1,0
PiD_Insol_01,PiD,0,1,1,0,0,0,0,0,0,0,0,0,0,0,0,0,0,0,0,0,0,0,0.06666667,0,0,0,0,0,0,0,0,0,0,0,0,0,0,0,0,0,0,0,0,0,0,0,0,0,0,0,0,0,0,0,0,0,0.0952381,0,0,0.3,0,0,0,0,0,0.28571429,0,0,0,0,0,0.2,0,0,0,0,0,0,0.16666667,0,0,0
PiD_Insol_02,PiD,0,1,1,0,0,0,0,0,0,0,0,0,0,0,0,0,0,0,0,0,0,0,0.06666667,0,0,0,0,0,0,0,0,0,0,0,0,0,0,0,0,0,0,0,0,0,0,0,0,0,0,0,0,0,0,0,0,0,0.14285714,0,0,0.3,0,0,0,0,0.5,0.42857143,0,0,0,0,0,0,0,0,0,0,0,0,0.16666667,0,0,0
PiD_Insol_03,PiD,0,1,1,0,0,0,0,0,0,0,0,0,0,0,0,0,0,0,0,0,0,0,0,0,0,0,0,0,0,0,0,0,0,0,0,0,0,0,0,0,0,0,0,0,0,0,0,0,0,0,0,0,0,0,0,0,0.0952381,0,0,0.3,0,0,0,0,0,0,0,0,0,0,0,0,0,0,0,0,0,0,0,0,1,0
PiD_Insol_04,PiD,0,1,1,0,0,0,0,0,0,0,0,0,0,0,0,0,0,0,0,0,0,0,0.06666667,0,0,0,0,0,0,0,0,0,0,0,0,0,0,0,0,0,0,0,0,0,0,0,0,0,0,0,0,0,0,0,0,0,0.14285714,0.2,0,0.2,0,0,0,0,0.5,0.14285714,0,0,0,0,0,0.2,0,0,0,0,0,0,0.16666667,0,0,0
PiD_Insol_05,PiD,0,1,1,0,0,0,0,0,0,0,0,0,0,0,0,0,0,0,0,0,0,0,0.06666667,0,0,0,0,0,0,0,0,0,0,0,0,0,0,0,0,0,0,0,0,0,0,0,0,0,0,0,0,0,0,0,0,0,0.0952381,0.4,0,0.3,0,0,0,0,0,0.14285714,0,0,0,0,0,0.2,0,0,0,0,0,0,0,0,0,0
PiD_Insol_06,PiD,0,1,1,0,0,0.5714286,0,0,0,0.1428571,0,0,0,0,0,0,0.5,0.25,0,0,0.5,0,0.6,0,0,0,0,0,0,0,0,0,0,0,0,0,0.3333333,0,0,0,0,0.25,0,0,0.5,0,0,0,0,0,0,0,0,0,0,0,0.5714286,0.2,0,0.9,0.1428571,0,0,0,0,1,0,0,0,0,0,0.2,0.3333333,0.1,0.5,0,0,0,0.6666667,1,0,0
PiD_Insol_07,PiD,0,1,1,0,0,0,0,0,0,0,0,0,0,0,0,0,0,0,0,0,0,0,0,0,0,0,0,0,0,0,0,0,0,0,0,0,0,0,0,0,0,0,0,0,0,0,0,0,0,0,0,0,0,0,0,0,0.04761905,0,0,0,0,0,0,0,0,0.14285714,0,0,0,0,0,0,0,0,0,0,0,0,0,0,0,0
PiD_Insol_08,PiD,0,1,1,0,0,0,0,0,0,0,0,0,0,0,0,0,0,0,0,0,0,0,0.06666667,0,0,0,0,0,0,0,0,0,0,0,0,0,0,0,0,0,0,0.25,0,0,0,0,0,0,0,0,0,0,0,0,0,0,0.04761905,0,0,0.1,0,0,0,0,0,0.28571429,0,0,0,0,0,0.2,0,0,0,0,0,0,0.16666667,0,0,0
PiD_Insol_09,PiD,0,1,1,0,0,0,0,0,0,0,0,0,0,0,0,0,0,0,0,0,0,0,0.06666667,0,0,0,0,0,0,0,0,0,0,0,0,0,0,0,0,0,0,0,0,1,0,0,0,0,0,0,0,0,0,0,0,0,0.0952381,0,0,0.2,0,0,0,0,0,0.28571429,0,0,0,0,0,0,0,0,0,0,0,0,0.16666667,0,0,0
PiD_Insol_10,PiD,0,1,1,0,0,0,0,0,0,0,0,0,0,0,0,0,0,0,0,0,0,0,0.06666667,0,0,0,0,0,0,0,0,0,0,0,0,0,0,0,0,0,0,0,0,0,0,0,0,0,0,0,0,0,0,0,0,0,0.14285714,0,0,0.4,0,0,0,0,0,0.42857143,0,0,0,0,0,0,0,0,0,0,0,0,0.16666667,0,0,0
PiD_Insol_11,PiD,0,1,1,0,0,0,0,0,0,0,0,0,0,0,0,0,0,0,0,0,0,0,0.06666667,0,0,0,0,0,0,0,0,0,0,0,0,0,0,0,0,0,0,0,0,0,0,0,0,0,0,0,0,0,0,0,0,0,0.19047619,0.2,0,0.4,0,0,0,0,0.5,0.57142857,0,0,0.5,0,0,0.2,0,0,0,0,0,0,0,1,0,0
PiD_Insol_12,PiD,0,1,1,0,0,0,0,0,0,0,0,0,0,0,0,0,0,0,0,0,0,0,0.06666667,0,0,0,0,0,0,0,0,0,0,0,0,0,0,0,0,0,0,0,0,0,0,0,0,0,0,0,0,0,0,0,0,0,0.23809524,0,0,0.3,0,0,0,0,0,0.57142857,0,0,0,0,0,0.2,0,0,0.5,0,0,0,0.16666667,0,0,0
PiD_Insol_13,PiD,0,1,1,0,0,0,0,0,0,0,0,0,0,0,0,0,0,0,0,0,0,0,0,0,0,0,0,0,0,0,0,0,0,0,0,0,0,0,0,0,0,0,0,0,0,0,0,0,0,0,0,0,0,0,0,0,0.1428571,0,0,0.2,0,0,0,0,0,0.1428571,0,0,0,0,0,0.2,0,0,0,0,0,0,0.1666667,0,0,0
PiD_Insol_14,PiD,0,1,1,0,0,0,0,0,0,0,0,0,0,0,0,0,0,0,0,0,0,0,0,0,0,0,0,0,0,0,0,0,0,0,0,0,0,0,0,0,0,0,0,0,0,0,0,0,0,0,0,0,0,0,0,0,0.0952381,0,0,0.2,0,0,0,0,0,0.2857143,0,0,0,0,0,0,0,0,0,0,0,0,0.1666667,0,0,0
PiD_Insol_15,PiD,0,1,1,0,0.3333333,0,0,0,0,0,0,0,0,0,0,0,0,0,0,0,0,0,0.1333333,0,0,0,0,0,0,0,0,0,0,0.3333333,0,0,0.3333333,0,0,0,0,0.25,0,0,0,0,0,0,0,0,0,0,0,0,0,0,0.1428571,0,0,0,0,0,0,0,0,0.4285714,0,0,0,0,0,0.2,0,0.1,0.5,0,0,0,0.1666667,0,0,1
PiD_Insol_16,PiD,0,1,1,0,0.3333333,0,0,0,0,0,0,0,0,0,0,0,0,0,0,0,0,0,0.1333333,0,0,0,0,0,0,0,0,0.5,0,0.3333333,1,1,0,0,0,0,0,0.75,0,0,0.5,0,0,0,0,0,0,0,0,0,0,0,0.1904762,0,0,0.1,0,0,0,0,0.5,0.4285714,0,0.3333333,0,0,0,0.2,0,0.1,0.5,0,0,0,0.5,1,1,1
PiD_Insol_17,PiD,0,1,1,0,0,0,0,0,0,0,0,0,0,0,0,0,0,0,0,0,0,0,0,0,0,0,0,0,0,0,0,0,0,0,0,0,0,0,0,0,0,0,0,0,0,0,0,0,0,0,0,0,0,0,0,0,0.04761905,0,0,0.1,0,0,0,0,0,0.28571429,0,0,0,0,0,0,0,0,0,0,0,0,0.16666667,0,1,0
PiD_Insol_18,PiD,0,1,1,0,0,0,0,0,0,0,0,0,0,0,0,0,0.5,0.25,0,0,0,0,0.2,0,0,0,0,0,0,0,0,0,0,0,0,0,0,0,0,0,0,0,0,0,0,0,0,0,0,0,0,0,0,0,0,0,0.2380952,0,0,0.4,0,0,0,0,0,0.7142857,0,0,0,0,0,0.2,0,0,0,0,0,0,0,0,0,0
PiD_Insol_19,PiD,0,1,1,0,0,0,0,0,0,0,0,0,0,0,0,0,0,0,0,0,0,0,0,0,0,0,0,0,0,0,0,0,0,0,0,0,0,0,0,0,0,0,0,0,0,0,0,0,0,0,0,0,0,0,0,0,0.0952381,0,0,0.3,0,0,0,0,0,0.2857143,0,0,0,0,0,0,0,0,0,0,0,0,0,0,0,0
PiD_Insol_20,PiD,0,1,1,0,0,0,0,0,0,0,0,0,0,0,0,0,0,0,0,0,0,0,0.1333333,0,0,0,0,0,0,0,0,0,0,0,0,0,0,0,0,0,0,0,0,0,0,0,0,0,0,0,0,0,0,0,0,0,0.0952381,0,0,0.3,0,0,0,0,0.5,0.4285714,0,0,0,0,0,0.2,0,0,0.5,0,0,0,0,0,0,0
PSP_Insol_01,PSP,0,1,1,0,0,0.2857143,0,0,0,0,0,0,0,0,0,0,0,0,0,0,0,0,0.1333333,0,0,0,0,0,0,0,0,0,0,0,0,0,0,0,0,0,0,0,0,0,0,0,0,0,0,0,0,0,0,0,0,0,0.3333333,0,0,0.4,0,0,0,0,0,0.5714286,0,0.3333333,0,0,0,0,0,0,0,0,0,0,0.1666667,0,0,0
PSP_Insol_02,PSP,0,1,1,0,0,0,0,0,0,0,0,0,0,0,0,0,0,0,0,0,0,0,0.06666667,0,0,0,0,0,0,0,0,0,0,0,0,0,0,0,0,0,0,0,0,0,0,0,0,0,0,0,0,0,0,0,0,0,0.14285714,0,0,0.3,0,0,0,0,0,0.14285714,0,0,0,0,0,0,0,0,0,0,0,0,0.16666667,0,0,0
PSP_Insol_03,PSP,0,1,1,0,0,0,0,0,0,0,0,0,0,0,0,0,0,0,0,0,0,0,0.1333333,0,0,0,0,0,0,0,0,0,0,0,0,0,0,0,0,0,0,0,0,0,0,0,0,0,0,0,0,0,0,0,0,0,0.1904762,0,0,0.5,0,0,0,0,0.5,0.4285714,0,0,0,0,0,0,0,0,0,0,0,0,0,0,1,0
PSP_Insol_04,PSP,0,1,1,0,0,0.14285714,0,0,0,0,0,0,0,0,0,0,0,0,0,0,0.5,0,0.06666667,0,0,0,0,0,0,0,0,0,0,0,0,0,0,0,0,0,0,0,0,0,0,0,0,0,0,0,0,0,0,0,0,0,0.23809524,0,0,0.5,0,0,0,0,0,0.57142857,0,0,0,0,0,0,0,0,0,0,0,0,0.16666667,0,1,0
PSP_Insol_05,PSP,0,1,1,0,0,0,0,0,0,0,0,0,0,0,0,0,0,0,0,0,0,0,0.1333333,0,0,0,0,0,0,0,0,0,0,0,0,0,0,0,0,0,0,0,0,0,0,0,0,0,0,0,0,0,0,0,0,0,0.0952381,0,0,0.1,0,0,0,0,0,0.1428571,0,0,0,0,0,0,0,0,0,0,0,0,0.1666667,0,1,0
PSP_Insol_06,PSP,0,1,1,0,0,0,0,0,0,0,0,0,0,0,0,0,0,0,0,0,0,0,0.06666667,0,0,0,0,0,0,0,0,0,0,0,0,0,0,0,0,0,0,0,0,0,0,0,0,0,0,0,0,0,0,0,0,0,0.14285714,0,0,0.4,0,0,0,0,0,0.28571429,0,0,0,0,0,0,0,0,0,0,0,0,0.16666667,0,0,0
PSP_Insol_07,PSP,0,1,1,0,0,0,0,0,0,0,0,0,0,0,0,0,0,0,0,0,0,0,0.06666667,0,0,0,0,0,0,0,0,0,0,0,0,0,0,0,0,0,0,0,0,0,0,0,0,0,0,0,0,0,0,0,0,0,0.14285714,0,0,0.3,0,0,0,0,0,0.28571429,0,0,0,0,0,0,0,0,0,0,0,0,0.16666667,0,1,0
PSP_Insol_08,PSP,0,1,1,0,0,0,0,0,0,0,0,0,0,0,0,0,0,0,0,0,0,0,0,0,0,0,0,0,0,0,0,0,0,0,0,0,0,0,0,0,0,0,0,0,0,0,0,0,0,0,0,0,0,0,0,0,0.0952381,0,0,0.3,0,0,0,0,0,0.1428571,0,0,0,0,0,0,0,0,0,0,0,0,0.1666667,0,0,0
PSP_Insol_09,PSP,0,1,1,0,0,0,0,0,0,0,0,0,0,0,0,0,0,0,0,0,0,0,0.06666667,0,0,0,0,0,0,0,0,0,0,0,0,0,0,0,0,0,0,0,0,0,0,0,0,0,0,0,0,0,0,0,0,0,0.14285714,0,0,0.3,0,0,0,0,0,0.14285714,0,0,0,0,0,0,0,0,0,0,0,0,0.16666667,0,1,0
PSP_Insol_10,PSP,0,1,1,0,0,0,0,0,0,0,0,0,0,0,0,0,0,0,0,0,0,0,0.06666667,0,0,0,0,0,0,0,0,0,0,0,0,0,0,0,0,0,0,0,0,0,0,0,0,0,0,0,0,0,0,0,0,0,0.14285714,0,0,0.1,0,0,0,0,0,0.28571429,0,0,0,0,0,0,0,0,0,0,0,0,0.16666667,0,0,0
PSP_Insol_11,PSP,0,1,1,0,0,0,0,0,0,0,0,0,0,0,0,0,0,0,0,0,0,0,0.06666667,0,0,0,0,0,0,0,0,0,0,0,0,0,0,0,0,0,0,0,0,0,0,0,0,0,0,0,0,0,0,0,0,0,0.14285714,0,0,0.1,0,0,0,0,0,0.28571429,0,0,0,0,0,0.2,0,0,0,0,0,0,0.16666667,0,1,0
PSP_Insol_12,PSP,0,1,1,0,0,0,0,0,0,0,0,0,0,0,0,0,0,0,0,0,0,0,0.06666667,0,0,0,0,0,0,0,0,0,0,0,0,0,0,0,0,0,0,0,0,0,0,0,0,0,0,0,0,0,0,0,0,0,0.14285714,0,0,0.4,0,0,0,0,0,0.14285714,0,0,0,0,0,0,0,0,0,0,0,0,0.16666667,0,0,0
PSP_Insol_13,PSP,0,1,1,0,0,0,0,0,0,0,0,0,0,0,0,0,0,0,0,0,0,0,0.06666667,0,0,0,0,0,0,0,0,0,0,0,0,0,0,0,0,0,0,0,0,0,0,0,0,0,0,0,0,0,0,0,0,0,0.14285714,0.2,0,0.2,0,0,0,0,0,0.14285714,0,0,0,0,0,0.2,0,0,0,0,0,0,0.16666667,0,0,0
PSP_Insol_14,PSP,0,1,1,0,0,0,0,0,0,0,0,0,0,0,0,0,0,0,0,0,0,0,0.06666667,0,0,0,0,0,0,0,0,0,0,0,0,0,0,0,0,0,0,0,0,0,0,0,0,0,0,0,0,0,0,0,0,0,0.14285714,0.2,0,0.3,0,0,0,0,0,0.14285714,0,0,0,0,0,0,0,0,0,0,0,0,0.16666667,0,1,0
PSP_Insol_15,PSP,0,1,1,0,0,0,0,0,0,0,0,0,0,0,0,0,0,0,0,0,0,0,0,0,0,0,0,0,0,0,0,0,0,0,0,0,0,0,0,0,0,0,0,0,0,0,0,0,0,0,0,0,0,0,0,0,0.0952381,0,0,0,0,0,0,0,0,0.2857143,0,0,0,0,0,0.2,0,0,0,0,0,0,0,0,1,0
PSP_Insol_16,PSP,0,1,1,0,0,0,0,0,0,0,0,0,0,0,0,0,0,0,0,0,0,0,0,0,0,0,0,0,0,0,0,0,0,0,0,0,0,0,0,0,0,0,0,0,0,0,0,0,0,0,0,0,0,0,0,0,0.04761905,0,0,0,0,0,0,0,0,0.14285714,0,0,0,0,0,0.2,0,0,0,0,0,0,0,0,1,0
PSP_Insol_17,PSP,0,1,1,0,0,0,0,0,0,0,0,0,0,0,0,0,0,0,0,0,0,0,0.06666667,0,0,0,0,0,0,0,0,0,0,0,0,0,0,0,0,0,0,0,0,0,0,0,0,0,0,0,0,0,0,0,0,0,0.14285714,0,0,0.3,0,0,0,0,0,0.42857143,0,0,0,0,0,0,0,0,0,0,0,0,0,0,1,0
PSP_Insol_18,PSP,0,1,1,0,0,0,0,0,0,0,0,0,0,0,0,0,0,0,0,0,0,0,0.2,0,0,0,0,0,0,0,0,0,0,0,0,0,0,0,0,0,0,0,0,0,0,0,0,0,0,0,0,0,0,0,0,0,0.2380952,0,0,0.2,0,0,0,0,0,0.4285714,0,0,0,0,0,0,0,0,0,0,0,0,0,0,1,0
PSP_Insol_19,PSP,0,1,1,0,0,0,0,0,0,0,0,0,0,0,0,0,0,0,0,0,0,0,0,0,0,0,0,0,0,0,0,0,0,0,0,0,0,0,0,0,0,0,0,0,0,0,0,0,0,0,0,0,0,0,0,0,0.0952381,0.2,0,0,0,0,0,0,0,0.1428571,0,0,0,0,0,0.2,0,0,0,0,0,0,0,0,0,0
PSP_Insol_20,PSP,0,1,1,0,0,0,0,0,0,0,0,0,0,0,0,0,0,0,0,0,0,0,0.06666667,0,0,0,0,0,0,0,0,0,0,0,0,0,0,0,0,0,0,0,0,0,0,0,0,0,0,0,0,0,0,0,0,0,0.04761905,0,0,0,0,0,0,0,0,0.14285714,0,0,0,0,0,0,0,0,0,0,0,0,0,0,0,0
PSP_Insol_21,PSP,0,1,1,0,0,0.14285714,0,0,0,0,0,0,0,0,0,0,0,0,0,0,0,0,0.06666667,0,0,0,0,0,0,0,0,0,0,0,0,0,0,0,0,0,0,0,0,0,0,0,0,0,0,0,0,0,0,0,0,0,0.23809524,0.2,0,0.4,0,0,0,0,0,0.57142857,0,0,0,0,0,0.2,0,0,0,0,0,0,0.16666667,1,0,0
PSP_Insol_22,PSP,0,1,1,0,0,0.2857143,0,0,0,0,0,0,0,0,0,0,0,0,0,0,0,0,0.1333333,0,0,0,0,0,0,0,0,0,0,0,0,0,0,0,0,0,0,0,0,0,0,0,0,0,0,0,0,0,0,0,0,0,0.1428571,0,0,0.4,0,0,0,0,0,0.2857143,0,0,0,0,0,0.2,0,0,0,0,0,0,0,0,1,0
PSP_Insol_23,PSP,0,1,1,0,0,0.1428571,0,0,0,0,0,0,0,0,0,0,0,0,0,0,0,0,0.2666667,0,0,0,0,0,0,0,0,0,0,0,0,0,0.3333333,0,0,0,0,0,0,0,0,0,0,0,0,0,0,0,0,0,0,0,0.1904762,0,0,0.4,0,0,0,0,0.5,0.4285714,0,0,0,0,0,0.2,0,0,0,0,0,0,0.1666667,0,0,0
PSP_Insol_24,PSP,0,1,1,0,0,0.1428571,0,0,0,0,0,0,0,0,0,0,0,0,0,0,0,0,0.1333333,0,0,0,0,0,0,0,0,0,0,0,0,0,0,0,0,0,0,0,0,0,0,0,0,0,0,0,0,0,0,0,0,0,0.1904762,0,0,0.4,0,0,0,0,0,0.4285714,0,0,0,0,0,0.2,0,0,0,0,0,0,0.1666667,0,1,0
PSP_Insol_25,PSP,0,1,1,0,0,0,0,0,0,0,0,0,0,0,0,0,0,0,0,0,0,0,0.06666667,0,0,0,0,0,0,0,0,0,0,0,0,0,0,0,0,0,0,0,0,0,0,0,0,0,0,0,0,0,0,0,0,0,0.14285714,0,0,0,0,0,0,0,0,0.28571429,0,0,0,0,0,0.2,0,0,0,0,0,0,0.16666667,0,1,0
PSP_Insol_26,PSP,0,1,1,0,0,0,0,0,0,0,0,0,0,0,0,0,0,0,0,0,0,0,0.2,0,0,0,0,0,0,0,0,0,0,0,0,0,0,0,0,0,0,0,0,0,0,0,0,0,0,0,0,0,0,0,0,0,0.1428571,0,0,0.4,0,0,0,0,0,0.2857143,0,0,0,0,0,0,0,0,0,0,0,0,0,0,0,0
PSP_Insol_27,PSP,0,1,1,0,0,0,0,0,0,0,0,0,0,0,0,0,0,0,0,0,0,0,0.1333333,0,0,0,0,0,0,0,0,0,0,0,0,0,0,0,0,0,0,0,0,0,0,0,0,0,0,0,0,0,0,0,0,0,0.1428571,0,0,0.3,0,0,0,0,0,0.2857143,0,0,0,0,0,0,0,0,0,0,0,0,0.1666667,0,1,0
PSP_Insol_28,PSP,0,1,1,0,0,0,0,0,0,0,0,0,0,0,0,0,0,0,0,0,0,0,0.06666667,0,0,0,0,0,0,0,0,0,0,0,0,0,0,0,0,0,0,0,0,0,0,0,0,0,0,0,0,0,0,0,0,0,0.14285714,0,0,0.4,0,0,0,0,0,0.28571429,0,0,0,0,0,0,0,0,0,0,0,0,0.16666667,0,1,0
PSP_Insol_29,PSP,0,1,1,0,0,0.14285714,0,0,0,0,0,0,0,0,0,0,0,0,0,0,0,0,0.06666667,0,0,0,0,0,0,0,0,0,0,0,0,0,0,0,0,0,0,0,0,0,0,0,0,0,0,0,0,0,0,0,0,0,0.0952381,0,0,0.1,0,0,0,0,0,0.28571429,0,0,0,0,0,0.2,0,0,0,0,0,0,0.16666667,0,0,1
PSP_Insol_30,PSP,0,1,1,0,0,0.1428571,0,0,0,0,0,0,0,0,0,0,0,0,0,0,0,0,0.1333333,0,0,0,0,0,0,0,0,0,0,0,0,0,0,0,0,0,0,0,0,0,0,0,0,0,0,0,0,0,0,0,0,0,0.1428571,0,0,0.3,0,0,0,0,0,0.2857143,0,0,0,0,0,0,0,0,0,0,0,0,0.1666667,0,0,0
PSP_Insol_31,PSP,0,1,1,0,0,0,0,0,0,0.14285714,0,0,0,0,0,0,0,0,0,0,0,0,0.06666667,0,0,0,0,0,0,0,0,0,0,0,0,0,0,0,0,0,0,0,0,0,0,0,0,0,0,0,0,0,0,0,0,0,0.14285714,0,0,0.4,0,0,0,0,0,0.28571429,0,0,0,0,0,0.2,0,0,0,0,0,0,0.16666667,0,1,0
PSP_Insol_32,PSP,0,1,1,0,0,0.2857143,0,0,0,0.1428571,0,0,0,0,0,0,0,0,0,0,0,0,0.2666667,0,0,0,0,0,0,0,0,0,0,0,0,0,0,0,0,0,0,0,0,0,0,0,0,0,0,0,0,0,0,0,0,0,0.1428571,0,0,0.4,0,0,0,0,0,0.4285714,0,0,0,0,0,0,0,0,0,0,0,0,0,0,0,0
PSP_Insol_33,PSP,0,1,1,0,0,0,0,0,0,0,0,0,0,0,0,0,0,0,0,0,0,0,0.06666667,0,0,0,0,0,0,0,0,0,0,0,0,0,0,0,0,0,0,0,0,0,0,0,0,0,0,0,0,0,0,0,0,0,0.0952381,0,0,0,0,0,0,0,0,0.14285714,0,0,0,0,0,0,0,0,0,0,0,0,0,0,0,0
PSP_Insol_34,PSP,0,1,1,0,0,0,0,0,0,0,0,0,0,0,0,0,0,0,0,0,0,0,0.06666667,0,0,0,0,0,0,0,0,0,0,0,0,0,0,0,0,0,0,0,0,0,0,0,0,0,0,0,0,0,0,0,0,0,0.19047619,0.2,0,0,0,0,0,0,0,0.14285714,0,0,0,0,0,0,0,0,0,0,0,0,0.16666667,0,0,0
PSP_Insol_35,PSP,0,1,1,0,0,0,0,0,0,0,0,0,0,0,0,0,0,0,0,0,0,0,0.06666667,0,0,0,0,0,0,0,0,0,0,0,0,0,0,0,0,0,0,0,0,0,0,0,0,0,0,0,0,0,0,0,0,0,0.19047619,0,0,0,0,0,0,0,0,0.28571429,0,0,0,0,0,0.2,0,0,0,0,0,0,0,0,0,0
PSP_Insol_36,PSP,0,1,1,0,0,0,0,0,0,0,0,0,0,0,0,0,0,0,0,0,0,0,0.06666667,0,0,0,0,0,0,0,0,0,0,0,0,0,0,0,0,0,0,0,0,0,0,0,0,0,0,0,0,0,0,0,0,0,0.14285714,0,0,0.3,0,0,0,0,0,0.14285714,0,0,0,0,0,0.2,0,0,0,0,0,0,0.16666667,0,1,0
PSP_Insol_37,PSP,0,1,1,0,0,0.28571429,0,0,0,0,0,0,0,0,0,0,0,0,0,0,0,0,0.06666667,0,0,0,0,0,0,0,0,0.5,0,0,0,0,0,0,0,0,0,0.25,0,0,0,0,0,0,0,0,0,0,0,0,0,0,0.23809524,0,0,0.4,0,0,0,0,0.5,0.71428571,0,0,0,0,0,0.2,0,0,0,0,0,0,0.33333333,0,0,0
PSP_Insol_38,PSP,0,1,1,0,0,0,0,0,0,0,0,0,0,0,0,0,0,0,0,0,0,0,0.06666667,0,0,0,0,0,0,0,0,0,0,0,0,0,0,0,0,0,0,0.25,0,0,0,0,0,0,0,0,0,0,0,0,0,0,0.0952381,0,0,0,0,0,0,0,0,0.14285714,0,0,0,0,0,0.2,0,0,0,0,0,0,0.16666667,0,0,0
PSP_Insol_39,PSP,0,1,1,0,0,0.4285714,0,0,0,0.1428571,0,0,0,0,0,0,0,0,0,0,0,0,0.2,0,0,0,0,0,0,0,0,0,0,0,0,0,0,0,0,0,0,0,0,0,0,0,0,0,0,0,0,0,0,0,0,0,0.2380952,0,0,0.4,0,0,0,0,0.5,0.7142857,0,0,0,0,0,0,0,0,0,0,0,1,0.1666667,0,0,0
PSP_Insol_40,PSP,0,1,1,0,0,0.4285714,0,0,0,0.1428571,0,0,0,0,0,0,0,0,0,0,0,0,0.2,0,0,0,0,0,0,0,0,0,0,0,0,0,0,0,0,0,0,0.25,0,0,0,0,0,0,0,0,0,0,0,0,0,0,0.5238095,0.4,0,0.4,0,0,0,0,0.5,0.7142857,0,0,0,0,0,0.2,0,0,0,0,0,0,0.1666667,0,0,0
